-- phpMyAdmin SQL Dump
-- version 4.9.2
-- https://www.phpmyadmin.net/
--
-- Máy chủ: 127.0.0.1
-- Thời gian đã tạo: Th3 15, 2022 lúc 01:55 PM
-- Phiên bản máy phục vụ: 10.4.11-MariaDB
-- Phiên bản PHP: 7.2.26

SET SQL_MODE = "NO_AUTO_VALUE_ON_ZERO";
SET AUTOCOMMIT = 0;
START TRANSACTION;
SET time_zone = "+00:00";


/*!40101 SET @OLD_CHARACTER_SET_CLIENT=@@CHARACTER_SET_CLIENT */;
/*!40101 SET @OLD_CHARACTER_SET_RESULTS=@@CHARACTER_SET_RESULTS */;
/*!40101 SET @OLD_COLLATION_CONNECTION=@@COLLATION_CONNECTION */;
/*!40101 SET NAMES utf8mb4 */;

--
-- Cơ sở dữ liệu: `docbao`
--

-- --------------------------------------------------------

--
-- Cấu trúc bảng cho bảng `mission`
--

CREATE TABLE `mission` (
  `id` int(11) NOT NULL,
  `title` varchar(200) NOT NULL,
  `idNews` varchar(200) NOT NULL,
  `bonus` int(10) NOT NULL,
  `create_at` timestamp NOT NULL DEFAULT current_timestamp(),
  `update_at` timestamp NOT NULL DEFAULT current_timestamp() ON UPDATE current_timestamp()
) ENGINE=InnoDB DEFAULT CHARSET=utf8mb4;

--
-- Đang đổ dữ liệu cho bảng `mission`
--

INSERT INTO `mission` (`id`, `title`, `idNews`, `bonus`, `create_at`, `update_at`) VALUES
(1, 'Báo thế giới', '001\r\n', 1000, '2022-03-14 14:57:05', '2022-03-14 14:57:05'),
(2, 'Báo Chiến sự Nga và Ucraine', '002', 1000, '2022-03-14 15:00:04', '2022-03-14 15:00:04'),
(3, 'Báo kinh tế thế giới', '004', 1500, '2022-03-14 15:00:04', '2022-03-14 15:00:04'),
(4, 'Báo thanh niên', '008', 1000, '2022-03-14 15:01:30', '2022-03-14 15:01:30'),
(5, 'Báo học đường', '014', 1000, '2022-03-14 15:01:30', '2022-03-14 15:01:30'),
(6, 'Báo Kinh tế trong nước', '013', 1000, '2022-03-14 15:02:37', '2022-03-14 15:02:37'),
(7, 'Tình hình covid-19', '005', 1500, '2022-03-14 15:06:15', '2022-03-14 15:06:15'),
(8, 'Báo thống kê tình hình covid-19', '005', 1500, '2022-03-14 15:12:05', '2022-03-14 15:12:05'),
(9, 'Nhật Bản nhận gia công đóng tàu ngầm Chiến đấu', '016', 1500, '2022-03-14 15:12:05', '2022-03-14 15:12:05'),
(10, 'Báo chính trị trong nước', '003', 1500, '2022-03-14 15:13:50', '2022-03-14 15:13:50'),
(11, 'Ukraine và Nga tiến hành đàm phán lần thư 4', '006', 1500, '2022-03-14 15:15:28', '2022-03-14 15:15:28'),
(12, 'Nguy cơ bị lừa tiền khi mua mỹ phẩm', '009', 1500, '2022-03-14 15:15:28', '2022-03-14 15:15:28'),
(13, 'Cướp 1 triệu đồng bao bạn gái', '008', 1500, '2022-03-14 15:17:41', '2022-03-14 15:17:41'),
(14, 'Gía xăng phụ thuộc vào chiến sự Nga và Ukraine hay không?', '013', 2000, '2022-03-14 15:17:41', '2022-03-14 15:17:41'),
(15, 'Philippines Tố Trung Quốc...?', '018', 1500, '2022-03-14 15:19:27', '2022-03-14 15:19:27'),
(16, 'Tàu Trung Quốc ép tàu Philippines', '019', 1500, '2022-03-14 15:19:27', '2022-03-14 15:19:27'),
(17, 'Nga kiểm soát toàn diện các thành phố lớn ', '020', 1500, '2022-03-14 15:21:25', '2022-03-14 15:21:25'),
(18, 'Cướp tiền để thăm bạn tù.', '010', 1500, '2022-03-14 15:21:25', '2022-03-14 15:21:25'),
(19, 'Nữ sinh đánh nhau phát tán clip lên mạng...', '015', 1500, '2022-03-14 15:23:08', '2022-03-14 15:23:08'),
(20, 'Mỹ viện trợ cho Ukraine?', '007', 2000, '2022-03-14 15:23:08', '2022-03-14 15:23:08');

-- --------------------------------------------------------

--
-- Cấu trúc bảng cho bảng `mission_complete`
--

CREATE TABLE `mission_complete` (
  `id` int(11) NOT NULL,
  `idUser` varchar(200) NOT NULL,
  `idMission` int(11) NOT NULL,
  `create_at` timestamp NOT NULL DEFAULT current_timestamp(),
  `update_at` timestamp NOT NULL DEFAULT current_timestamp() ON UPDATE current_timestamp()
) ENGINE=InnoDB DEFAULT CHARSET=utf8mb4;

-- --------------------------------------------------------

--
-- Cấu trúc bảng cho bảng `news`
--

CREATE TABLE `news` (
  `id` varchar(200) NOT NULL,
  `title` varchar(200) NOT NULL,
  `description` text NOT NULL,
  `image` varchar(255) NOT NULL,
  `content` text NOT NULL,
  `create_at` timestamp NOT NULL DEFAULT current_timestamp(),
  `update_at` timestamp NOT NULL DEFAULT current_timestamp() ON UPDATE current_timestamp()
) ENGINE=InnoDB DEFAULT CHARSET=utf8mb4;

--
-- Đang đổ dữ liệu cho bảng `news`
--

INSERT INTO `news` (`id`, `title`, `description`, `image`, `content`, `create_at`, `update_at`) VALUES
('001\r\n', 'Thủ tướng gặp các đối tác quốc tế hỗ trợ vaccine cho Việt Nam', 'Chiều 14/3, tại Hà Nội, Bộ Ngoại giao và Bộ Y tế tổ chức gặp mặt cảm ơn các đối tác quốc tế đã hỗ trợ vaccine phòng COVID-19 cho Việt Nam. Thủ tướng Phạm Minh Chính đến dự và phát biểu.', '/images/ttxvn_thu_tuong_doi_tac_ho_tro_chong_dich_2.jpg', 'Cùng dự có đại diện các bộ, ban, ngành Trung ương; đại diện các tổ chức của Liên hợp quốc tại Việt Nam, Tổ chức Y tế thế giới tại Việt Nam; Đại sứ của 40 quốc gia đã hỗ trợ vaccine cho Việt Nam và đóng góp cho Chương trình COVAX; các hãng sản xuất vaccine tại Việt Nam.\r\n\r\nPhát biểu khai mạc buổi lễ, Bộ trưởng Ngoại giao Bùi Thanh Sơn cho biết, phát huy truyền thống tốt đẹp “uống nước nhớ nguồn” của dân tộc Việt Nam, chương trình gặp mặt và cảm ơn các đối tác quốc tế đã ủng hộ và hỗ trợ Việt Nam trong phòng, chống dịch COVID-19; đồng thời mong các đối tác quốc tế tiếp tục hợp tác nâng cao năng lực hệ thống y tế, nghiên cứu, phát triển và chuyển giao công nghệ vaccine và y tế cho Việt Nam.\r\n\r\nCũng tại buổi lễ, bà Rana Flowers, Quyền Điều phối viên Liên hợp quốc, Trưởng Đại diện Quỹ Nhi đồng Liên hợp quốc (UNICEF) tại Việt Nam phát biểu, bày tỏ vui mừng vì được sinh sống, làm việc tại Việt Nam trong thời khắc lịch sử - chống COVID-19; chứng kiến nỗ lực của Việt Nam trong phòng, chống dịch; khẳng định Việt Nam là mẫu mực, có nhiều bài học cho các nước trong phòng, chống dịch COVID-19 và các bệnh dịch khác.\r\nBà Rana Flowers cho biết, UNICEF và các tổ chức của Liên hợp quốc đã và sẽ tiếp tục có các hỗ trợ cho Việt Nam trong phòng, chống dịch COVID-19, nhất là cung cấp vaccine và sản xuất vaccine trong nước; góp phần bảo vệ, đem lại cuộc sống tốt hơn cho người dân Việt Nam, nhất là đối với phụ nữ, trẻ em trước dịch bệnh.\r\nPhát biểu theo hình thức ghi hình, Tiến sỹ Tedros Adhanom Ghebreyesus, Tổng Giám đốc Tổ chức Y tế thế giới chúc mừng Việt Nam khi trở thành nước có tỷ lệ tiêm chủng vaccine hàng đầu thế giới. Việt Nam cũng là một trong những nước thành công trong phòng, chống dịch COVID-19. Có được kết quả này là nhờ nỗ lực của Chính phủ và sự đồng lòng của người dân Việt Nam. Tổng Giám đốc Tổ chức Y tế Thế giới cho rằng, để ứng phó với dịch COVID-19, tiêm chủng vẫn là biện pháp quan trọng và cần tiếp tục nỗ lực thực hiện. Việt Nam là một hình mẫu, minh chứng cho sự nỗ lực quốc gia và hỗ trợ quốc tế trong để phủ vaccine cho toàn dân, cần được nhân rộng.\r\nPhát biểu tại buổi lễ, Thủ tướng Phạm Minh Chính cho biết, hơn hai năm qua, nhân loại phải đối mặt với đại dịch COVID-19 xuất hiện rất bất ngờ, không dự báo trước được, tác động sâu sắc đến mọi mặt của đời sống kinh tế-xã hội ở phạm vi toàn cầu và từng quốc gia; nhất là thời gian đầu đã gây bất ngờ đối với tất cả các nước trên thế giới.\r\nThủ tướng khẳng định, đây là vấn đề có tính chất toàn cầu nên phải có cách tiếp cận toàn cầu thông qua sự đoàn kết, phối hợp, hỗ trợ, hợp tác quốc tế; không có quốc gia nào an toàn khi còn có quốc gia khác có dịch. Việt Nam đã kêu gọi sự đoàn kết quốc tế, đề cao chủ nghĩa đa phương để chúng ta cùng nhau chống dịch, nhất là chia sẻ kinh nghiệm chống dịch, trang thiết bị y tế và đặc biệt là vaccine.\r\nDịch bệnh tác động đến toàn dân, cho nên phải có cách tiếp cận toàn dân; không có người dân nào an toàn khi còn có người mắc COVID-19; lấy người dân làm trung tâm, làm chủ thể; mọi chính sách đều hướng đến người dân; đặt sức khỏe, tính mạng của người dân lên trên hết, trước hết.\r\nTrong quá trình phòng, chống dịch, Việt Nam hoàn thiện phương pháp phòng, chống dịch COVID-19 dựa trên 3 trụ cột “cách ly, xét nghiệm, điều trị” và công thức phòng, chống dịch “5K + vaccine, thuốc, điều trị + công nghệ + ý thức người dân + các biện pháp khác”. Trong đó, vaccine là thành tố có tính chất quyết định, là “lá chắn” an toàn nhất cho người dân để phòng, chống COVID-19. Chính vì vậy, Chính phủ Việt Nam đã triển khai Chiến lược vaccine, trong đó đẩy mạnh ngoại giao vaccine, thành lập Quỹ vaccine phòng, chống COVID-19; tích cực đẩy mạnh nhập khẩu, nghiên cứu, chuyển giao công nghệ sản xuất vaccine và phát động chiến dịch tiêm chủng lớn nhất từ trước tới nay.\r\nChiến dịch quan trọng này với nguồn cung cấp vaccine rất đa dạng, từ Pfizer, Janssen, Moderna của Hoa Kỳ, AstraZeneca của Anh, tới VeroCell, Sinovax của Trung Quốc, Sputnik V của Nga, Abdala của Cuba, Covaxin của Ấn Độ… Trong đó, chiếm đến gần 40% trong tổng số vaccine mà Việt Nam nhận được là từ sự trợ giúp của COVAX và trên 30 nước cung cấp cho Việt Nam qua COVAX và qua kênh song phương, dưới nhiều hình thức đa dạng; góp phần quan trọng giúp Việt Nam thực hiện hiệu quả Chiến lược vaccine và chiến dịch tiêm chủng. Từ một nước có tỷ lệ tiêm vaccine rất thấp, Việt Nam đã vượt lên là một trong những nước có tỷ lệ bao phủ tiêm vaccine cao nhất trên thế giới. Số ca nhiễm nhập viện, chuyển nặng, tử vong đang có chiều hướng giảm.\r\nTừ tháng 10/2021, Việt Nam đã chuyển sang “thích ứng an toàn, linh hoạt, kiểm soát hiệu quả dịch COVID-19”, từng bước mở cửa nền kinh tế, tập trung phục hồi và phát triển kinh tế - xã hội. Qua đó đã có một số kết quả tích cực như: từ tăng trưởng GDP âm hơn 6% trong Quý III đã đảo chiều tăng 5,22% trong Quý IV năm 2021, qua đó đưa GDP Việt Nam năm 2021 tăng 2,58%. Qua 3 tháng đầu năm 2022, kinh tế - xã hội đạt các kết quả tích cực. Kinh tế vĩ mô ổn định, các cân đối lớn được bảo đảm. Hầu hết hoạt động kinh tế - xã hội đã được phục hồi trở lại. Các chuyến bay thương mại quốc tế đã được mở lại từ 15/2/2022. Với việc mở cửa, thúc đẩy du lịch quốc tế từ ngày 15/3/2022, Thủ tướng tin rằng rất nhiều khách quốc tế sẽ đến với đất nước Việt Nam tươi đẹp, thanh bình và thân thiện, mến khách.\r\nNgười đứng đầu Chính phủ Việt Nam chỉ rõ, khắc phục khó khăn, vượt qua thách thức và đạt được kết quả ấn tượng nêu trên là nhờ sự lãnh đạo sáng suốt của Đảng Cộng sản Việt Nam, đứng đầu là Tổng Bí thư Nguyễn Phú Trọng đã kịp thời thay đổi tư duy và biện pháp phòng, chống dịch, chuyển hướng linh hoạt trong điều kiện khó khăn; nhờ có sự vào cuộc của cả hệ thống chính trị, sự đoàn kết, đồng tình, hưởng ứng của người dân và cộng đồng doanh nghiệp.\r\nBên cạnh sự nỗ lực và quyết tâm ở trong nước, Việt Nam đã nhận được sự ủng hộ, giúp đỡ của bạn bè, đối tác quốc tế, sự đoàn kết và hỗ trợ của các nước, các tổ chức, cá nhân ở khắp nơi trên thế giới về vaccine, thuốc điều trị, vật phẩm y tế. Sự hỗ trợ này đặc biệt quý báu vì vào đúng thời điểm Việt Nam đang gặp khó khăn nhất, thực sự thể hiện tinh thần đoàn kết trong sáng, “bạn bè hoạn nạn có nhau”.\r\n\r\n', '2022-03-14 13:44:13', '2022-03-14 13:51:01'),
('002', 'Mỹ và các nước phương Tây đã viện trợ những gì cho Ukraine chống Nga?', 'VietTimes – Sau khi bùng nổ cuộc chiến Nga-Ukraine, các nước phương Tây do Mỹ đứng đầu đã liên tục “tiếp lửa” cho cuộc xung đột, đồng thời bày tỏ \"quan ngại\" về tình hình bằng cách đưa vũ khí tới giúp Ukraine chống Nga.', '/images/Tenlua.png', 'Theo tin tức mới nhất của The Hill, ngày 12/3 theo giờ địa phương, Tổng thống Mỹ Biden lại viện trợ cho Ukraine thêm 200 triệu USD vũ khí trang bị và huấn luyện quân sự.\r\nCác quan chức Nhà Trắng nói với The New York Times rằng đợt viện trợ quân sự mới bao gồm tên lửa chống tăng Javelin và tên lửa phòng không Stinger, cũng như vũ khí hạng nhẹ.\r\nTheo một bản ghi nhớ mà ông Biden gửi cho Ngoại trưởng Blinken ngày 12/3, khoản viện trợ 200 triệu USD sử dụng tiền của Bộ Quốc phòng. Theo các quan chức Mỹ, kể từ tháng 1 năm ngoái, viện trợ quân sự của Mỹ cho Ukraine đã lên tới 1,2 tỷ USD.\r\nTheo CNN trước đó, ngày 25/2, ông Biden đã chỉ thị cho Ngoại trưởng Blinken lập tức viện trợ cho Ukraine 600 triệu USD, trong đó 350 triệu USD dùng cho nhu cầu quốc phòng.\r\nLầu Năm Góc tiết lộ rằng Mỹ trước đây đã hỗ trợ vũ khí cho Ukraine, bao gồm vũ khí chống thiết giáp, vũ khí cỡ nhỏ và nhiều loại đạn dược để hỗ trợ cho hệ thống phòng thủ tiền tuyến của Ukraine.\r\nTheo thống kê, cho đến nay Mỹ đã viện trợ quân sự cho Ukraine 4 lần. Trước đây, chính quyền Trump đã cung cấp 310 triệu USD viện trợ quân sự cho Ukraine.\r\nNgoài ra, ngoài việc viện trợ công khai, Mỹ và các nước thành viên NATO đã bí mật gửi thiết bị quân sự tới Ukraine.\r\nTheo CNN ngày 6/3, một \"sân bay bí mật\" nằm gần biên giới Ukraine đã trở thành trung tâm giao thông vận chuyển vũ khí, thời điểm nhiều nhất có tới 17 chuyến bay mỗi ngày.\r\nCNN dẫn lời một quan chức cấp cao của Bộ Quốc phòng Mỹ cho biết sân bay hiện đã tăng từ một số chuyến bay mỗi ngày lên 17, đạt công suất tối đa. Sân bay nằm gần biên giới Ukraine vận chuyển nhiều loại vũ khí, bao gồm cả tên lửa chống thiết giáp.\r\nĐiều đáng nói là trước khi nổ ra xung đột Nga-Ukraine, Mỹ đã bắt đầu tăng quân tới châu Âu. Theo Airforce Times của Mỹ, ngày 16/2, máy bay chiến đấu F-35 của Không quân Mỹ tăng viện châu Âu đã đến Đức; ngoài F-35, các máy bay chiến đấu F-15 và máy bay ném bom B- 52 của Không quân Mỹ và các lực lượng đặc nhiệm cũng đã đến Vương quốc Anh. Airforce Times cho biết việc triển khai diễn ra vào thời điểm căng thẳng ở Ukraine và động thái này có thể \"làm yên lòng các đồng minh.\"\r\nNgoài ra, theo CNN ngày 7/3, theo các quan chức quốc phòng Mỹ, cho đến nay, Mỹ và các đồng minh NATO khác đã vận chuyển 17.000 tên lửa chống tăng Javelin và 2.000 tên lửa phòng không Stinger cho Ukraine.\r\nCNN dẫn lời một quan chức Mỹ quen thuộc với cách nghĩ của chính quyền Biden hiện tại cho biết Mỹ cũng đang xem xét cung cấp các hệ thống phòng không quan trọng cho các đồng minh NATO ở Đông Âu.\r\nĐược biết, trước khi Nga có hành động chống lại Ukraine, bầu trời châu Âu đã đầy rẫy máy bay chở hàng quân sự của Mỹ và các nước khác, đặc biệt là máy bay vận tải C-17, xương sống của phi đội không vận Mỹ. Các chuyến bay đã triển khai lại quân đội dọc theo sườn phía đông của NATO, đồng thời đưa vũ khí đến các điểm trung chuyển để chúng có thể được chuyển tới Ukraine. Tin tức nói rằng tốc độ vận chuyển trên các chuyến bay này sẽ chỉ tăng lên.\r\nCNN dẫn lời các quan chức Mỹ cho biết kể từ cuộc xung đột Nga-Ukraine, 14 quốc gia và khu vực đã cung cấp hỗ trợ an ninh cho Ukraine, một số quốc gia trước đây hiếm khi gửi một lượng lớn thiết bị như vậy. Bộ trưởng Quốc phòng Lloyd Austin cũng đã ra lệnh triển khai thêm binh lính và khí tài quân sự của Mỹ tới các khu vực khác nhau của châu Âu để hỗ trợ thêm cho các đồng minh NATO của Mỹ. Quan chức này cho biết Lầu Năm Góc sẽ cử tổng cộng 500 binh sĩ trong đợt triển khai mới này. Việc triển khai sẽ bao gồm việc gửi các máy bay tiếp dầu KC-135 tới Hy Lạp, nhưng quan chức này không thể cho biết có bao nhiêu máy bay quân sự của Mỹ sẽ được gửi hoặc chúng sẽ đến từ đâu trên đất Mỹ.\r\nVương quốc Anh: Hơn 2.000 bệ phóng tên lửa chống tăng NLAW + hơn 300 quân\r\nMột tháng trước khi xảy ra xung đột Nga-Ukraine, ngày 17/1, Bộ trưởng Quốc phòng Anh Ben Wallace tiết lộ tại Quốc hội rằng Vương quốc Anh đã bắt đầu cung cấp cho Ukraine các hệ thống vũ khí chống tăng dùng cho tự vệ.\r\nÔng Wallace cho biết, các hệ thống vũ khí chống tăng đầu tiên do Vương quốc Anh cung cấp đã được xuất xưởng vào ngày 18/1 và một đội quân người Anh cũng sẽ tới Ukraine để hỗ trợ huấn luyện ngắn hạn, nhưng ông không tiết lộ số lượng và chủng loại vũ khí cụ thể.\r\nNgoài ra, Bộ trưởng Quốc phòng Anh Ben Wallace ngày 7/2 cho biết Vương quốc Anh đã cử thêm 350 binh sĩ tới Ba Lan. Năm ngoái, Anh đã cử 100 binh sĩ tới Ba Lan, được cho là để giúp giải quyết cuộc khủng hoảng người di cư ở biên giới Ba Lan với Belarus vào thời điểm đó. Trước đó, để tăng cường khả năng chống tăng của Ukraine, Vương quốc Anh đã chuyển hơn 2.000 bệ phóng tên lửa chống tăng NLAW cho Ukraine. Ngoài ra, Thủ tướng Anh Johnson cũng hy vọng trong tương lai sẽ triển khai các tàu chiến của Hải quân Hoàng gia và máy bay chiến đấu của Lực lượng Không quân.\r\n\r\n', '2022-03-14 13:55:06', '2022-03-14 13:55:06'),
('003', 'Chính phủ yêu cầu Bộ Y tế khẩn trương sửa đổi các quy định, yêu cầu đối với khách du lịch quốc tế', '(Tổ Quốc) - Ngày 14/3, Văn phòng Chính phủ ban hành văn bản số 1576/VPCP-KGVX truyền đạt ý kiến của Phó Thủ tướng Chính phủ Vũ Đức Đam về việc mở cửa lại hoạt động du lịch trong điều kiện bình thường mới.', '/images/dulich.jpg', '(Tổ Quốc) - Ngày 14/3, Văn phòng Chính phủ ban hành văn bản số 1576/VPCP-KGVX truyền đạt ý kiến của Phó Thủ tướng Chính phủ Vũ Đức Đam về việc mở cửa lại hoạt động du lịch trong điều kiện bình thường mới.\r\nVăn bản nêu rõ: Xét đề nghị của Bộ Văn hóa, Thể thao và Du lịch tại văn bản số 805/BVHTTDL-TCDL ngày 12/3/2022 về việc mở cửa lại hoạt động du lịch bảo đảm an toàn, hiệu quả trong điều kiện bình thường mới, Phó Thủ tướng Vũ Đức Đam yêu cầu Bộ Y tế khẩn trương sửa đổi các quy định, yêu cầu đối với khách du lịch nhập cảnh cho phù hợp với tình hình mới theo tinh thần chỉ đạo tại Nghị quyết số 25/NQ-CP ngày 7/3/2022; gửi Bộ Văn hóa, Thể thao và Du lịch trước ngày 15/3/2022 để tổng hợp, hoàn thiện và công bố theo thẩm quyền Phương án mở cửa lại hoạt động du lịch trong điều kiện bình thường mới theo tinh thần “thích ứng an toàn, linh hoạt, kiểm soát hiệu quả dịch bệnh COVID-19”.\r\nĐồng thời các Bộ, ngành, địa phương theo chức năng, nhiệm vụ và thẩm quyền được giao chủ động phối hợp với Bộ Văn hóa, Thể thao và Du lịch, tổ chức triển khai các hoạt động du lịch bảo đảm an toàn, hiệu quả, thuận lợi cho khách du lịch.\r\nTrước đó, trong văn bản văn bản số 805/BVHTTDL-TCDL, các yêu cầu trong phương án mở cửa lại thị trường khách quốc tế từ ngày 15/3/2022 được Bộ Văn hóa, Thể thao và Du lịch hoàn thiện báo cáo với Thủ tướng Chính phủ như sau:\r\nĐối với khách du lịch từ 12 tuổi trở lên phải có chứng nhận tiêm đủ liều vắc xin phòng COVID-19 được cơ quan có thẩm quyền tại Việt Nam công nhận, liều cuối cùng tiêm trong thời gian ít nhất 14 ngày và không quá 06 tháng tính đến thời điểm xuất cảnh; hoặc có chứng nhận đã khỏi bệnh COVID-19 hay các giấy tờ tương đương xác nhận đã khỏi bệnh COVID-19 do cơ quan có thẩm quyền tại nước điều trị cấp trong thời gian không quá 06 tháng.\r\nCó kết quả xét nghiệm âm tính với SARS-CoV-2 (bằng phương pháp RT-PCR/RT-LAMP) trong vòng 72 giờ trước khi xuất cảnh (trừ trường hợp trẻ em dưới 2 tuổi) đối với khách nhập cảnh qua đường hàng không và có kết quả xét nghiệm nhanh âm tính đối với khách nhập cảnh qua cửa khẩu quốc tế đường bộ và đường biển. Đối với các nước, vùng lãnh thổ có yêu cầu cao hơn thì áp dụng theo quy định của nơi xuất cảnh.\r\nCó bảo hiểm y tế hoặc bảo hiểm du lịch có nội dung chi trả điều trị COVID-19 với mức trách nhiệm tối thiểu 10.000 USD.\r\nCài đặt ứng dụng PC-COVID theo quy định của cơ quan chuyên môn và duy trì kết nối trong thời gian tại Việt Nam.\r\nTrong vòng 24 giờ kể từ khi nhập cảnh bằng đường hàng không, khách về thẳng nơi lưu trú, thực hiện xét nghiệm SARS-CoV-2 bằng phương pháp xét nghiệm nhanh, nếu âm tính thì được tham gia du lịch, nếu dương tính thì thực hiện các biện pháp cách ly, xử lý y tế theo quy định./.\r\n\r\n', '2022-03-14 13:59:22', '2022-03-14 13:59:22'),
('004', 'Nếu Nga kết thúc chiến dịch quân sự tại Ukraine, giá dầu và khí đốt có còn ‘cuồng loạn’?', 'Ngoài các sàn giao dịch, sự “cuồng loạn” giá cả hàng hóa vẫn chưa xuất hiện rộng rãi. Tuy nhiên, sự bình lặng này khó có thể kéo dài. Hiện tại, giá cả chỉ là những con số trên màn hình. Nhưng trong 4 tuần nữa, chúng sẽ trở thành hiện thực.', '/images/daukhi.jpg', 'Ngoài các sàn giao dịch, sự “cuồng loạn” giá cả hàng hóa vẫn chưa xuất hiện rộng rãi. Tuy nhiên, sự bình lặng này khó có thể kéo dài. Hiện tại, giá cả chỉ là những con số trên màn hình. Nhưng trong 4 tuần nữa, chúng sẽ trở thành hiện thực.\r\nNga hiện là nền kinh tế lớn thứ 11 thế giới. Một số người nhận định rằng, theo lẽ thông thường, dù nền kinh tế này có sụp đổ thì không nhất thiết sẽ gây ra tình trạng hỗn loạn toàn cầu. Tuy nhiên, câu chuyện không đơn giản như vậy.\r\nTheo tờ Economists của Anh, sau thời kỳ Liên Xô, chuỗi liên kết gắn Nga với nền kinh tế thế giới đã được củng cố và ngày càng trở nên phức tạp. Nga lần lượt xếp thứ nhất, thứ hai và thứ ba thế giới về xuất khẩu khí đốt, dầu mỏ và than đá.\r\nPhần lớn nguồn năng lượng của châu Âu là đến từ nước láng giềng phía Đông này. Nga cũng chiếm một nửa lượng uranium nhập khẩu của Mỹ. Nước này cung cấp 1/10 lượng nhôm và đồng của thế giới và 20% nickel để sản xuất pin.\r\nSự thống trị của Nga đối với các kim loại quý như paladium, loại nguyên liệu quan trọng trong ngành công nghiệp ô tô và điện tử, thậm chí còn lớn hơn. Ngoài ra, Nga cũng là một nguồn cung quan trọng cho mặt hàng lúa mì và phân bón.\r\nCho đến nay, việc xuất khẩu nguyên liệu thô của Nga chưa bị áp đặt các lệnh cấm toàn diện mà phương Tây đã áp dụng đối với các lĩnh vực khác. Mỹ công bố lệnh cấm vận đối với dầu của Nga vào ngày 8/3, nhưng nước này mua rất ít dầu của Nga, trong khi Anh sẽ loại bỏ dần việc mua dầu của Nga trong năm nay.\r\nTuy nhiên, trong bối cảnh Nga triển khai chiến dịch quân sự đặc biệt tại Ukraine, ngày càng có nhiều dấu hiệu cho thấy phương Tây có thể tiến xa hơn trong việc áp dụng các biện pháp trừng phạt đối với Nga - một diễn biến gây sốc cho thị trường hàng hóa.\r\nSau khi ngoại trưởng Mỹ Antony Blinken ngày 6/3 cho biết đang đàm phán với các đồng minh về một lệnh cấm chung, giá dầu thô Brent đã tăng lên mức 139 USD/thùng, gấp đôi mức giá ngày 1/12, dù sau đó đã giảm xuống mức 113 USD vào ngày 10/3.\r\nGiá khí đốt cũng biến động dữ dội: Vào ngày 8/3, khi Nga đe dọa trả đũa các lệnh trừng phạt, giá khí đốt bán buôn cho châu Âu đã tăng hơn 30% lên 285 Euro (316 USD) mỗi MWh, gấp 18 lần mức giá cùng kỳ một năm trước.\r\nCùng ngày, Sở giao dịch kim loại London (LME) đã tạm ngừng giao dịch niken lần thứ hai trong lịch sử 145 năm của mình, sau khi kim loại này tăng gấp đôi so với mức giá kỷ lục trước đó. Giá các kim loại khác cũng đạt hoặc gần đạt mức cao nhất mọi thời đại trong những phiên gần đây.\r\nMột cú sốc sâu và rộng như vậy là chưa từng có tiền lệ. Chỉ số hàng hóa cốt lõi trên cơ sở ba tháng của công ty dịch vụ thông tin thị trường Thomson Reuters đã tăng hơn bất kỳ giai đoạn nào kể từ năm 1973. Trong tuần kết thúc vào ngày 4/3, chỉ số này đã có mức tăng lớn nhất từ năm 1956 tới này.\r\nNgoài các sàn giao dịch, sự “cuồng loạn” vẫn chưa xuất hiện rộng rãi. Tuy nhiên, sự bình lặng này khó có thể kéo dài. Một thương nhân cho hay, hiện tại, giá cả chỉ là những con số trên màn hình. Nhưng trong 4 tuần nữa, chúng sẽ trở thành hiện thực.\r\nNếu căng thẳng Nga-Ukraine nói riêng và Nga-phương Tây nói chung gia tăng hơn nữa, năng lượng và kim loại có thể phải bị phân chia theo đầu người. Các công ty tư nhân và cá nhân sẽ phải tự điều chỉnh. Cuộc sống tại các nền kinh tế giàu có sẽ thay đổi, trong khi các nước nghèo có thể bị phá sản.\r\nCuối cùng thì nước Nga có thể vượt qua các lệnh trừng phạt - nhưng điều đó không thể diễn ra trước khi việc đứt gãy liên kết tác động mạnh tới phần còn lại của thế giới\r\n\r\n', '2022-03-14 14:03:40', '2022-03-14 14:03:40'),
('005', 'Ngày 14/3: Có 161.262 ca mắc COVID-19 mới; 4 tỉnh bổ sung hơn 103.000 F0', 'SKĐS - Bản tin dịch COVID-19 ngày 14/3 của Bộ Y tế cho biết có 161.262 ca mắc COVID-19 tại 61 tỉnh, thành; Hà Nội vẫn nhiều nhất với gần 30.000 F0; Quảng Ninh đăng ký bổ sung 32.400 ca, Thái Bình đăng ký bổ sung 30.000 ca, Vĩnh Phúc đăng ký bổ sung 25.112 ca; Lào Cai đăng ký bổ sung 16.016 ca...', '/images/covid.jpg', 'SKĐS - Bản tin dịch COVID-19 ngày 14/3 của Bộ Y tế cho biết có 161.262 ca mắc COVID-19 tại 61 tỉnh, thành; Hà Nội vẫn nhiều nhất với gần 30.000 F0; Quảng Ninh đăng ký bổ sung 32.400 ca, Thái Bình đăng ký bổ sung 30.000 ca, Vĩnh Phúc đăng ký bổ sung 25.112 ca; Lào Cai đăng ký bổ sung 16.016 ca.\r\nTính từ 16h ngày 13/3 đến 16h ngày 14/3, trên Hệ thống Quốc gia quản lý ca bệnh COVID-19 ghi nhận 161.262 ca nhiễm mới, trong đó 15 ca nhập cảnh và 161.247 ca ghi nhận trong nước (giảm 5.706 ca so với ngày trước đó) tại 61 tỉnh, thành phố (có 113.084 ca trong cộng đồng).\r\nCác tỉnh, thành phố ghi nhận ca bệnh như sau: Hà Nội (29.833), Nghệ An (10.389), Bắc Ninh (7.471), Phú Thọ (6.997), Thái Nguyên (4.979), Hưng Yên (4.840), Hòa Bình (4.675), Hải Dương (4.324), Sơn La (4.169), Lạng Sơn (4.100), Lào Cai (3.897), Tuyên Quang (3.867), Đắk Lắk (3.644), Cà Mau (3.529), Quảng Ninh (2.988), Quảng Bình (2.986), Vĩnh Phúc (2.975), Thái Bình (2.951), Điện Biên (2.938), Bắc Giang (2.938), Yên Bái (2.769), Bình Định (2.755), Nam Định (2.722), Hà Nam (2.295), Ninh Bình (2.231), Lai Châu (2.217), Bình Phước (2.187), Cao Bằng (2.163), TP. Hồ Chí Minh (2.159), Bến Tre (2.091), Lâm Đồng (1.949), Hải Phòng (1.886), Đắk Nông (1.836), Quảng Trị (1.786), Bình Dương (1.689), Bắc Kạn (1.341), Tây Ninh (1.290), Đà Nẵng (1.235), Khánh Hòa (1.158), Trà Vinh (1.074), Phú Yên (1.035), Thanh Hóa (940), Bà Rịa - Vũng Tàu (909), Hà Tĩnh (887), Vĩnh Long (824), Bình Thuận (622), Quảng Ngãi (589), Kon Tum (391), Quảng Nam (347), Thừa Thiên Huế (291), Bạc Liêu (285), Kiên Giang (132), Đồng Nai (128), An Giang (117), Long An (108), Cần Thơ (94), Ninh Thuận (75), Đồng Tháp (71), Hậu Giang (31), Sóc Trăng (30), Tiền Giang (18).\r\nNgày 14/3/2022. Sở Y tế Quảng Ninh đăng ký bổ sung 32.400 ca, Sở Y tế Thái Bình đăng ký bổ sung 30.000 ca, Sở Y tế Vĩnh Phúc đăng ký bổ sung 25.112 ca và Sở Y tế Lào Cai đăng ký bổ sung 16.016 ca trên Hệ thống Quốc gia quản lý ca bệnh COVID-19 sau khi rà soát, bổ sung đầy đủ thông tin.\r\nTình hình dịch COVID-19 tại Việt Nam:\r\n- Kể từ đầu dịch đến nay Việt Nam có 6.377.438 ca nhiễm, đứng thứ 20/225 quốc gia và vùng lãnh thổ, trong khi với tỷ lệ số ca nhiễm/1 triệu dân, Việt Nam đứng thứ 130/225quốc gia và vùng lãnh thổ (bình quân cứ 1 triệu người có 64.535 ca nhiễm).\r\nTình hình điều trị COVID-19\r\n1.	Số bệnh nhân khỏi bệnh:\r\n2.	 Bệnh nhân được công bố khỏi bệnh trong ngày: 108.407 ca\r\nTổng số ca được điều trị khỏi: 3.271.978 ca\r\n2. Số bệnh nhân nặng đang điều trị là 4.230 ca, trong đó:\r\nThở ô xy qua mặt nạ: 3.370 ca\r\n Thở ô xy dòng cao HFNC: 430 ca\r\nThở máy không xâm lấn: 107 ca\r\nThở máy xâm lấn: 319 ca\r\n ECMO: 4 ca\r\nSố bệnh nhân tử vong:\r\n Từ 17h30 ngày 13/3 đến 17h30 ngày 14/3 ghi nhận 92 ca tử vong tại:\r\nTại TP. Hồ Chí Minh (3) trong đó 1 ca từ Vĩnh Long chuyển đến.\r\nTại các tỉnh, thành phố khác: Hà Nội (11), Quảng Ninh (7), Bến Tre (4), Hải Dương (4), Kiên Giang (4), Phú Thọ (4), Thanh Hóa (4 ca trong 2 ngày), Bắc Giang (3), Bạc Liêu (3), Cà Mau (3), Nam Định (3), Ninh Bình (3), Bắc Kạn (2), Đồng Nai (2), Hà Nam (2), Khánh Hòa (2), Lạng Sơn (2), Quảng Bình (2), Quảng Trị (2), Sóc Trăng (2), Thái Nguyên (2), Trà Vinh (2), An Giang (1), Bà Rịa - Vũng Tàu (1), Bắc Ninh (1), Bình Thuận (1), Cần Thơ (1), Cao Bằng (1), Đà Nẵng (1), Điện Biên (1), Gia Lai (1), Hà Tĩnh (1), Hải Phòng (1), Hậu Giang (1), Hòa Bình (1), Quảng Ngãi (1), Tây Ninh (1), Tuyên Quang (1).\r\n\r\n', '2022-03-14 14:09:51', '2022-03-14 14:09:51'),
('006', 'Ukraine và Nga tiến hành vòng đàm phán thứ tư', 'Ngày 19/3, cố vấn của Tổng thống Ukraine đồng thời là thành viên đoàn đàm phán của Ukraine, ông Mykhailo Podolyak cho biết vòng đàm phán thứ 4 theo hình thức trực tuyến giữa Ukraine và Nga đang diễn ra dù có khó khăn.', '/images/putinucarna.jpg', 'Ngày 19/3, cố vấn của Tổng thống Ukraine đồng thời là thành viên đoàn đàm phán của Ukraine, ông Mykhailo Podolyak cho biết vòng đàm phán thứ 4 theo hình thức trực tuyến giữa Ukraine và Nga đang diễn ra dù có khó khăn.\r\nTrên mạng xã hội Twitter, ông Podolyak nêu rõ: \"Các bên (tham gia đàm phán) tích cực bày tỏ lập trường cụ thể của mình. Việc liên lạc giữa hai bên vẫn được tiến hành mặc dù khó khăn\".\r\nĐây là vòng đàm phán thứ tư giữa Ukraine và Nga kể từ khi Moskva triển khai chiến dịch quân sự đặc biệt tại Ukraine ngày 24/2. Ba cuộc đàm phán trước đó được tổ chức tại Belarus theo hình thức trực tiếp.\r\nTrước khi đàm phán bắt đầu, ông Podolyak cho biết vòng đàm phán mới này tập trung vào việc đạt được một lệnh ngừng bắn, rút quân và đảm bảo an ninh cho Ukraine\".\r\nNgoài các cuộc đàm phán, ngày 10/3 vừa qua, Ngoại trưởng Nga Sergey Lavrov đã có cuộc gặp với người đồng cấp Ukraine Dmytro Kuleba bên lề một diễn đàn ngoại giao ở Antalya của Thổ Nhĩ Kỳ.\r\n\r\n\r\n', '2022-03-14 14:13:55', '2022-03-14 14:13:55'),
('007', 'Mỹ bàn thảo nội dung gì trong cuộc gặp cấp cao Mỹ-Trung ở Rome?', ' Vấn đề Ukraine được dự đoán sẽ là một trong những chủ đề trọng tâm trong cuộc gặp giữa hai quan chức cấp cao Mỹ - Trung Quốc tại Rome trong ngày hôm nay (14/3).', '/images/duong-ktri-256.png', 'Giới phân tích cho rằng, quyết định của Mỹ tìm kiếm sự tham gia của Trung Quốc trong cuộc chiến cách Bắc Kinh 7.000km cho thấy tình thế tiến thoái lưỡng nan mà Washington đang phải đối mặt, cũng như vai trò của Trung Quốc trong các vấn đề quốc tế. Mỹ đang đứng trước nguy cơ bị cuốn vào cuộc xung đột Nga-Ukraine, đặc biệt là việc cung cấp vũ khí cho Kiev khiến Nga giận dữ và đe dọa đáp trả. Ngược lại, Trung Quốc có quan hệ kinh tế, thương mại chặt chẽ với cả hai bên.\r\nHội đồng An ninh Quốc gia Mỹ ngày 13/3 ra tuyên bố nêu rõ: “Vào ngày 14/3, Cố vấn An ninh Quốc gia Mỹ Jake Sullivan cùng các quan chức thuộc Hội đồng An ninh Quốc gia và Bộ Ngoại giao sẽ có mặt tại Rome”. Hai bên sẽ thảo luận về các nỗ lực nhằm quản lý cuộc cạnh tranh giữa Mỹ và Trung Quốc, cùng ảnh hưởng của cuộc xung đột Ukraine với an ninh khu vực và toàn cầu”.\r\nTruyền thông Mỹ cho biết, ông Jake Sullivan sẽ có cuộc gặp Ủy viên Bộ Chính trị Đảng Cộng sản Trung Quốc Dương Khiết Trì với ưu tiên hàng đầu là duy trì đường dây liên lạc cởi mở giữa Mỹ và Trung Quốc. Trong cuộc đối thoại, Cố vấn an ninh Mỹ sẽ tìm kiếm giới hạn của các biện pháp mà Trung Quốc có thể thực hiện để giúp đỡ Nga.\r\nPhát biểu với CNN, ông Sullivan cho biết: “Chúng tôi đang theo dõi chặt chẽ mức độ hỗ trợ mà Trung Quốc có thể cung cấp cho Nga, cả về vật chất lẫn kinh tế. Đó là mối quan tâm của chúng tôi. Chúng tôi đã thông báo cho Trung Quốc rằng chúng tôi sẽ không khoanh tay đứng nhìn và không cho phép bất cứ quốc gia nào giúp Nga khắc phục hậu quả của các biện pháp trừng phạt kinh tế”.\r\nMột quan chức Mỹ tiết lộ, trong thời gian gần đây, Nga đã yêu cầu Trung Quốc hỗ trợ, trong đó có cả vũ khí để đẩy mạnh chiến dịch quân sự tại Ukraine. Tuy nhiên, người phát ngôn của Đại sứ quán Trung Quốc tại Washington Liu Pengyu, nói với CNN rằng ông \"chưa bao giờ nghe nói\" về các yêu cầu vũ khí của Nga.\r\nĐến thời điểm hiện tại, Trung Quốc vẫn giữ quan điểm trung lập liên quan đến cuộc xung đột Nga-Ukraine. Bắc Kinh đã bỏ phiếu trắng trong cuộc bỏ phiếu của Liên Hợp Quốc yêu cầu Nga chấm dứt chiến dịch quân sự tại Ukraine và chỉ trích các biện pháp trừng phạt kinh tế với Moscow. Nước này cũng bày tỏ sự ủng hộ đối với việc tìm kiếm giải pháp ngoại giao nhằm chấm dứt xung đột và kêu gọi các bên ngồi vào bàn đàm phán.\r\nNhưng Mỹ vẫn luôn băn khoăn với câu hỏi về việc liệu Trung Quốc có sẵn sàng sử dụng ảnh hưởng để giúp chấm dứt xung đột hay không và liệu họ có sẵn sàng chấp nhận rủi ro về kinh tế để giúp đỡ Nga hay không. Ông Sullivan cho biết, Mỹ đã cảnh báo Trung Quốc và những quốc gia khác khác rằng họ không thể cung cấp cho Nga giải pháp để đối phó với lệnh trừng phạt.\r\nTình thế tiến thoái lưỡng nan của Mỹ\r\nHiện, Mỹ đang đứng trước những lựa chọn khó khăn liên quan đến cuộc xung đột Nga-Ukraine. Cuối tuần qua, Nga cảnh báo phương Tây không nên tiếp tục bơm vũ khí vào Ukraine vì các đoàn vận chuyển vũ khí đó sẽ là mục tiêu hợp pháp cho quân đội Nga tấn công. Điều đó đã đặt Washington vào tình thế khó xử.\r\nNếu không được cung cấp tên lửa chống tăng Javenlin, tên lửa phòng không Stinger và các vũ khí công nghệ cao khác của Mỹ, Ukraine sẽ khó đứng vững trước cuộc tấn công của Nga. Nhưng việc chuyển giao vũ khí có thể dẫn đến một cuộc chiến tranh quy mô lớn.\r\nTrả lời phỏng vấn tờ Spiegel, ông James Stavridis, cựu Tư lệnh tối cao các lực lượng vũ trang NATO tại châu Âu nhận định, ông không cho rằng Nga sẽ sử dụng vũ khí hạt nhân trong cuộc xung đột này, nhưng bất kể tính toán sai lầm nào cũng có nguy cơ dẫn đến những rủi ro.  “Điều tôi lo lắng là một tính toán sai lầm ở thời điểm nào đó, chẳng hạn tên lửa Nga bay qua biên giới Ba Lan, tấn công trung tâm chỉ huy và kiểm spoát của Mỹ. Chỉ huy quân đồng minh NATO tại châu Âu (SACEUR) sẽ đáp trả các lự lượng Nga và xung đột nhanh chóng leo thang”.\r\nMột mối lo ngại khác của Washington là tác động ngược chiều của các biện pháp trừng phạt tài chính hạt nhân đối với Nga, vốn đã đóng băng khoảng 300 tỷ USD trong tổng số 640 tỷ USD dự trữ vàng và ngoại hối của Nga. Các nhà kinh tế học cảnh báo, việc đóng băng khoản dự trữ lớn như vậy có thể phá hủy niềm tin vào hệ thống đồng USD của Mỹ.\r\nGiới phân tích cho rằng, Mỹ dường như đã chấp nhận những rủi ro về kinh tế và chiến lược to lớn để kiềm chế Nga. Điều đó đã giải thích cho quyết định bất ngờ của Mỹ về việc cử Cố vấn An ninh Quốc gia tới Rome để đối thoại với nhà ngoại giao Trung Quốc khi cuộc khủng hoảng Nga-Ukraine đang leo thang.\r\nMột chính khách cấp cao tại Đông Nam Á dự đoán, Trung Quốc nhiều khả năng sẽ từ chối lời đề nghị “làm trung gian hòa giải” giữa Nga và Ukraine, thay vào đó đề nghị “tạo điều kiện cho các cuộc thảo luận”. Điều này có thể giúp Trung Quốc tránh “bị mất mặt” nếu tiến trình đamg phán Nga-Ukraine thất bại.  Nhà phân tích này nhận định, dù cho bất cứ vấn đề gì được thảo luận tại cuộc gặp cấp cao ở Rome thì đây vẫn là hoạt động ngoại giao rất đáng chú ý.\r\nSau nhiều năm leo thang căng thẳng trong một loạt vấn đề từ thương mại, công nghệ, kinh tế đến quân sự, Mỹ và Trung Quốc một lần nữa trở thành tâm điểm chú ý của toàn cầu với tư cách là những nhân tố không thể thiếu trong việc tìm kiếm giải pháp cho cuộc khủng hoảng an ninh lớn nhất ở châu Âu kể từ sau Chiến tranh Lạnh./.\r\n\r\n\r\n', '2022-03-14 14:16:11', '2022-03-14 14:16:11'),
('008', 'Bắt đối tượng dùng dao uy hiếp nhân viên, cướp tiền cửa hàng tiện lợi', 'Sau 10 ngày đêm xác minh dấu vết, phân loại nhiều đối tượng nghi vấn, đến ngày 13/3, lực lượng chức năng đã bắt giữ Lê Văn Thường tại Thanh Hóa.', '/images/uy-hiep-nhan-vien-cuop-tai-san.jpg', 'Công an quận Hà Đông (Tp.Hà Nội) phối hợp cùng Phòng Cảnh sát Hình sự - Công an Tp.Hà Nội vừa bắt giữ Lê Văn Thường (SN 1990, trú Ỷ La, Tp.Tuyên Quang). Lê Văn Thường là hung thủ đã dùng dao đe dọa cướp tài sản tại cửa hàng tiện lợi Circle K, nằm ở khu đô thị Văn Phú, phường Phú La, Hà Đông.\r\nTrước đó, ngày 2/3, Công an quận Hà Đông nhận được tin báo của đại diện cửa hàng Circle K (ở Khu đô thị Văn Phú, phường Phú La) về việc khoảng 2h45 cùng ngày, nhân viên bán hàng của cửa hàng bị kẻ gian dùng dao đe dọa, cướp tài sản.\r\nTiếp nhận thông tin, Công an quận Hà Đông đã báo cáo Ban Giám đốc Công an TP Hà Nội, đề nghị sự phối hợp của các phòng chức năng, xác lập chuyên án với quyết tâm trong thời gian sớm nhất bắt bằng đường đối tượng gây án.\r\nSau 10 ngày đêm xác minh dấu vết, phân loại nhiều đối tượng nghi vấn, đến ngày 13/3, lực lượng chức năng đã xác định được đối tượng và tiến hành bắt giữ khi Thường đang lẩn trốn tại huyện Ngọc Lặc, Thanh Hóa.\r\nTại Cơ quan điều tra, Lê Văn Thường đã thành khẩn khai nhận toàn bộ hành vi phạm tội của mình. Theo lời khai của Thường, do không có công ăn việc làm, không có tiền ăn tiêu nên Lê Văn Thường đã nảy sinh ý định đi cướp tài sản.\r\nChiều 1/3, Thường điều khiển xe máy từ Thanh Hóa về khu vực quận Hà Đông (Hà Nội). Sau khi mua con dao chọc tiết lợn, khoảng 2h45 ngày 2/3, Thường vào cửa hàng tiện ích Circle K tại Khu đô thị Văn Phú. Tại đây, Thường dùng dao đe dọa, uy hiếp nhân viên bán hàng, cướp được 1 triệu đồng.\r\nGây án xong, Thường bỏ trốn về nhà bạn gái tại huyện Ngọc Lặc, tỉnh Thanh Hóa. Số tiền cướp được Thường đã ăn tiêu hết.\r\n\r\n', '2022-03-14 14:19:45', '2022-03-14 14:19:45'),
('009', 'Đặt cọc tiền mua mỹ phẩm qua mạng, nhiều người bị mắc lừa', 'Với cùng thủ đoạn, từ tháng 5/2020 đến tháng 9/2021, Mai và Minh đã lừa đảo chiếm đoạt được tiền của nhiều người ở nhiều tỉnh, thành phố.', '/images/lua-dao-ha-noi.jpg', 'Cơ quan CSĐT Công an huyện Thạch Thất (Hà Nội) đang thụ lý điều tra vụ án Bùi Hữu Minh, SN 2000 và Nguyễn Vũ Quỳnh Mai, SN 2003, cùng ở xã Tân Việt, huyện Thanh Hà, tỉnh Hải Dương về tội Lừa đảo chiếm đoạt tài sản.\r\n\r\nTrước đó, qua mạng xã hội Facebook, chị N.H.P. (SN 2003, ở huyện Thạch Thất) biết tài khoản Facebook “Đỗ Minh Trang” bán mỹ phẩm. Ngày 18/8/2021, chị P. nhắn tin hỏi mua các loại son.\r\n\r\nNhận được tin nhắn, tài khoản “Đỗ Minh Trang” yêu cầu chị P. đặt cọc trước 50% tiền hàng để giữ hàng vì dịch bệnh hàng khan hiếm, từ 7 đến 15 ngày sau mới giao hàng… Tin tưởng, chị P. đã 3 lần chuyển tiền vào số tài khoản mang tên “Đào Thanh Hương” hơn 13 triệu đồng.\r\n\r\nSau khi chuyển tiền, chị P. không thể liên lạc với đối tượng do Facebook và điện thoại đã khóa.\r\n\r\nQuá trình điều tra, Công an huyện Thạch Thất làm rõ, từ tháng 5/2020, Bùi Hữu Minh và Nguyễn Vũ Quỳnh Mai đã bàn bạc lập facebook và tài khoản ngân hàng mang thông tin của người khác để thực hiện hành vi lừa đảo chiếm đoạt tài sản.\r\n\r\nSau khi lập tài khoản cá nhân mang tên “Đỗ Minh Trang” và tài khoản ngân hàng mang tên “Đào Thanh Hương” mở tại ngân hàng Viettinbank, Mai đã tham gia vào các hội nhóm bán son môi và mỹ phẩm trên facebook, tìm kiếm các bài viết và sao chép về đăng lại trên facebook cá nhân nhằm mục đích tăng tương tác và tìm kiếm người mua hàng. Khi “con mồi” xuất hiện, các đối tượng sẽ yêu cầu chuyển tiền đặt cọc để chiếm đoạt tài sản.\r\n\r\nBằng cách thức này, từ tháng 5/2020 đến tháng 9/2021, Mai và Minh đã lừa đảo chiếm đoạt được tiền của nhiều người ở nhiều tỉnh, thành phố.\r\n\r\nĐể phục vụ yêu cầu điều tra, xử lý tội phạm và đảm bảo quyền lợi cho các bị hại, Cơ quan CSĐT Công an huyện Thạch Thất đề nghị các cá nhân, tổ chức là bị hại trong vụ việc trên liên hệ cung cấp tài liệu, chứng cứ cho Cơ quan CSĐT Công an huyện Thạch Thất để được hỗ trợ, hướng dẫn giải quyết. Địa chỉ liên hệ: Đội CSĐT tội phạm về trật tự xã hội Công an huyện Thạch Thất, Tp.Hà Nội (đường 419, thôn Đồng Cam, thị trấn Liên Quan, huyện Thạch Thất), liên hệ Điều tra viên Hoàng Khổng Minh, SĐT: 0935080989.', '2022-03-14 14:20:55', '2022-03-14 14:20:55'),
('010', '30 giờ truy bắt đối tượng cướp tài sản rồi thuê taxi đi thăm bạn tù', 'Cướp được 20 triệu đồng, Nam dùng tiền chữa trị vết thương, trả nợ và thuê taxi từ Hà Nội đi Bắc Kạn để gặp một người quen trong tù.', '/images/cuop-tai-san-ha-noi.jpg', 'Ngày 14/3, Công an tỉnh Bắc Kạn bàn giao Triệu Kim Nam (24 tuổi, ở huyện Ba Vì, Hà Nội) cho Công an quận Bắc Từ Liêm, Hà Nội, để điều tra về hành vi cướp tài sản.\r\nTriệu Kim Nam là đối tượng gây ra vụ cướp tài sản tại một cửa hàng kinh doanh thiết bị vệ sinh thuộc quận Bắc Từ Liêm, Tp.Hà Nội và đâm trọng thương 1 người phụ nữ ngày 12/3 vừa qua. \r\nSau khi vào cuộc điều tra, xác định hướng Nam di chuyển, Công an quận Bắc Từ Liêm đề nghị các đơn vị chức năng tỉnh Bắc Kạn phối hợp truy bắt.\r\nTheo thông tin từ phía cơ quan chức năng, Nam vừa ra tù. Ngày 12/3, Nam dùng dao cướp tài sản, đâm bị thương một người phụ nữ rồi cướp 20 triệu đồng. Trong lúc gây án, Nam và người phụ nữ đã giằng co, vật lộn, Nam bị người phụ nữ dùng dao đâm bị thương ở chân và tay, sau đó bỏ chạy và đến phòng khám tư nhân khâu vết thương, dùng số tiền cướp được để trả tiền điều trị vết thương và trả nợ.\r\nChiều ngày 13/3, Nam liên lạc với một người bạn trú tại xã Hà Hiệu, huyện Ba Bể (quen biết khi đang chấp hành án) hẹn đến nhà chơi rồi dặn bạn ra ngã ba thị trấn Nà Phặc đón. Sau khi đến Tp.Bắc Kạn, Nam thuê 1 chiếc taxi khác để di chuyển đến điểm hẹn.\r\n21h45 ngày 13/3, khi Nam đến thị trấn Nà Phặc, huyện Ngân Sơn thì bị tổ công tác của Công an thị trấn Nà Phặc, huyện Ngân Sơn bắt giữ. Lực lượng chức năng tạm giữ trên người đối tượng số tiền 1.884.000đ (là vật chứng vụ án), 1 điện thoại di động nhãn hiệu iPhone 6 và một số đồ vật, tài sản khác.', '2022-03-14 14:23:13', '2022-03-14 14:23:13'),
('011', 'Tăng tốc triển khai các dự án đường vành đai tại Hà Nội và Tp. HCM', 'Thủ tướng yêu cầu khẩn trương hoàn thiện hồ sơ về dự án đường vành đai 4 - Vùng Thủ đô Hà Nội và đường vành đai 3 Tp.HCM để báo cáo Chính phủ vào cuối tháng 2.', '/images/thu-tuong-13-nguoiduatin.jpg', 'Sáng 18/1, Thủ tướng Chính phủ Phạm Minh Chính chủ trì cuộc họp với các Bộ, ngành, Tp. Hà Nội, các tỉnh Bắc Ninh và Hưng Yên về chủ trương đầu tư xây dựng dự án đường vành đai 4 - Vùng Thủ đô Hà Nội.\r\n\r\nTrước đó, ngày 15/1, Thủ tướng cũng đã chủ trì cuộc họp với các bộ, ngành, Tp. Hồ Chí Minh và các tỉnh: Long An, Đồng Nai, Bình Dương, Bà Rịa-Vũng Tàu về chủ trương đầu tư xây dựng đường vành đai 3 và đường vành đai 4 Tp. Hồ Chí Minh.\r\nTại các cuộc họp, Thủ tướng Phạm Minh Chính nhấn mạnh đây là các dự án hạ tầng rất quan trọng, có ý nghĩa lớn, tạo bước đột phá về phát triển kinh tế - xã hội, đô thị cho các địa phương trong vùng Thủ đô và vùng Đông Nam Bộ.\r\nThủ tướng nhấn mạnh việc thực hiện các dự án nhằm cụ thể hóa mục tiêu của Đại hội XIII của Đảng, Đại hội Đảng bộ các địa phương, các Nghị quyết của Bộ Chính trị về phát triển Thủ đô Hà Nội, Tp. Hồ Chí Minh, các Nghị quyết của Quốc hội, Chính phủ về phát triển hạ tầng và quy hoạch mạng lưới đường bộ thời kỳ 2021-2030.\r\nCác tuyến đường sẽ tạo ra không gian phát triển mới cho Hà Nội, Tp. Hồ Chí Minh và các tỉnh xung quanh, tạo kết nối về kinh tế vùng, giúp chia sẻ và giải quyết nhu cầu giao thông, kết nối và phát huy hiệu quả hơn nữa các tuyến đường hướng tâm, khai thác quỹ đất lớn để phát triển, giảm chi phí logistics và thu hút các nhà đầu tư, nâng cao đời sống tinh thần, vật chất cho cho người dân trong vùng.\r\n\r\nSau khi lãnh đạo các bộ, ngành, địa phương cho ý kiến và đều thống nhất về chủ trương đầu tư xây dựng các dự án, khẳng định tính cấp thiết, quan trọng của các dự án, việc triển khai các dự án có đầy đủ cơ sở chính trị, pháp lý và thực tiễn, Thủ tướng giao các bộ, ngành, địa phương khẩn trương hoàn thiện hồ sơ về dự án đường vành đai 4 - Vùng Thủ đô Hà Nội và đường vành đai 3 Tp. Hồ Chí Minh, đảm bảo đúng các quy định của pháp luật để báo cáo Chính phủ vào cuối tháng 2 và các cấp có thẩm quyền vào đầu tháng 3/2022.\r\n\r\nThủ tướng yêu cầu, với dự án đường vành đai 4 Thủ đô Hà Nội, thành lập một tổ công tác do Chủ tịch UBND TP. Hà Nội làm tổ trưởng; với các dự án đường vành đai 3 và 4 Tp. Hồ Chí Minh, thành lập một tổ công tác do Chủ tịch UBND Tp. Hồ Chí Minh làm tổ trưởng. Lãnh đạo các bộ ngành, địa phương liên quan làm thành viên hai tổ công tác để đẩy nhanh tiến độ triển khai các dự án, dưới sự chỉ đạo của Phó Thủ tướng Lê Văn Thành.\r\nDự án đầu tư xây dựng tuyến đường vành đai 4 - vùng thủ đô Hà Nội theo phương thức PPP có chiều dài 111,2km đi qua Hà Nội, Hưng Yên, Bắc Ninh; điểm đầu tại km3+695 trên đường cao tốc Nội Bài - Lào Cai thuộc địa phận xã Thanh Xuân, Sóc Sơn, Hà Nội; điểm cuối trên đường cao tốc Nội Bài - Hạ Long thuộc địa phận huyện Quế Võ, tỉnh Bắc Ninh; tuyến nối dài 9km từ cuối dự án theo hướng quy hoạch đường cao tốc Nội Bài - Lào Cai đến cao tốc Hà Nội - Bắc Giang nhằm khép kín đường vành đai 4 theo quy hoạch.\r\nDự án đường Vành đai 3 Tp. Hồ Chí Minh dài khoảng 89,3km, trong đó, đoạn qua thành phố Hồ Chí Minh dài hơn 47km, qua tỉnh Bình Dương 26km, qua Đồng Nai hơn 11km và qua Long An 6,8km.\r\nDự án đường vành đai 4 Tp. Hồ Chí Minh có chiều dài 199km, rộng 8 làn xe, điểm đầu giao với đường cao tốc Biên Hòa - Vũng Tàu (địa bàn thị xã Phú Mỹ), điểm cuối tại cảng Hiệp Phước, Tp. Hồ Chí Minh.\r\n\r\nTag:\r\n', '2022-03-14 14:25:08', '2022-03-14 14:25:08'),
('012', 'Tp.HCM: Bài toán duy trì bình ổn thị trường', 'Thực hiện chương trình bình ổn thị trường của UBND Tp.HCM, các doanh nghiệp ở Tp.HCM cam kết không tăng giá lương thực, thực phẩm thiết yếu đến cuối tháng 3.', '/images/binh-on-1.jpg', 'Chiều 14/3, Ban Chỉ đạo phòng, chống dịch và phục hồi kinh tế Tp.HCM hàng tuần được nối lại sau gián đoạn. Tại đây, ông Nguyễn Nguyên Phương, Phó Giám đốc Sở Công Thương Tp.HCM cho biết: “Do tác động của nhiều yếu tố, chi phí sản xuất gia tăng dẫn tới áp lực khiến giá hàng hóa trong hệ thống phân phối, chợ truyền thống đang tăng”.\r\nPhân tích kỹ hơn, lãnh đạo Sở Công Thương Tp.HCM chỉ ra “giá bao bì, nguyên liệu, xăng dầu đều có xu hướng tăng” nên đã tác động và gia tăng áp lực dẫn tới tăng chi phí sản phẩm.\r\n“Qua theo dõi giá cả các hệ thống phân phối hiện đại, chúng tôi đánh giá, thời gian qua giá cả tương đối ổn định, hàng hóa có giá thống nhất. Doanh nghiệp nhận được nhiều đề xuất điều chỉnh tăng giá của nhà cung cấp. Nhưng tới nay gần như chưa có đề nghị nào được hệ thống phân phối xem xét, điều chỉnh. Hệ thống này đang rà soát kiểm tra kỹ lưỡng các yếu tố đầu vào, nếu đề xuất có cơ sở hợp lý thì mới nghiên cứu để thay đổi”, ông Phương nói.\r\nBên cạnh đó, Tp.HCM vẫn duy trì bình ổn thị trường, trong đó có mặt hàng đặc biệt là lương thực, thực phẩm thiết yếu. Một số hàng hóa có lượng hàng chiếm tới 30-50% thị phần.\r\nNhiều doanh nghiệp đã cam kết giữ giá hàng hóa ổn định một tháng trước và sau Tết Nguyên đán. Do đó, người dân có thể yên tâm từ nay đến cuối tháng 3, giá của các mặt hàng lương thực, thực phẩm thiết yếu được giữ ổn định.\r\nNhưng tại chợ truyền thống, giá cả phụ thuộc vào lượng hàng, lượng khách mua sắm nên giá sẽ được điều chỉnh liên tục. Những ngày qua đã có dấu hiệu giá một số mặt hàng tươi sống, đặc biệt là rau củ quả có chiều hướng tăng. Nguyên nhân là chi phí vận chuyển, chi phí xăng dầu phục vụ công tác tưới tiêu tăng, ảnh hưởng đến giá hàng hóa.\r\n', '2022-03-14 14:27:21', '2022-03-14 14:27:21'),
('013', 'Tp.HCM: Giá xăng tăng liên tục, doanh nghiệp \"căng mình\" bình ổn giá', 'Giá xăng dầu liên tiếp tăng trong thời gian gần đây đang tạo ra áp lực rất lớn lên chi phí vận hành và kinh doanh của nhiều doanh nghiệp Tp.HCM.', '/images/san-xuat-2.jpg', 'Ghi nhận của Người Đưa Tin cho thấy, các doanh nghiệp tại Tp.HCM cho biết, hầu hết chi phí đầu vào đều tăng theo giá xăng dầu, trong khi giá bán đầu ra chưa thể tăng vì sức mua thấp.\r\nÔng Trương Chí Cường, Phó Tổng Giám đốc Công ty CP Vĩnh Thành Đạt, chuyên các sản phẩm thực phẩm thương hiệu V-Food nói: “Khoảng 2 tuần trở lại đây giá nguyên liệu đầu vào đã tăng hơn 40%. Phần lớn đơn vị cung cấp nguyên liệu đều lấy lý do giá xăng dầu tăng buộc họ phải tăng giá bán”.\r\nGiá nguyên liệu đầu vào tăng nhưng doanh nghiệp của ông Cường đang rất vất vả trong việc cân nhắc tăng giá bán đầu ra. Doanh nghiệp có tham gia chương trình bình ổn thị trường của Tp.HCM  nhưng thời gian tới, nếu đà tăng chi phí vẫn tiếp tục thì doanh nghiệp buộc phải xin điều chỉnh lại giá bán ra của chương trình này.\r\nDo đó, doanh nghiệp này đề nghị cơ quan chức năng ngồi lại cùng các doanh nghiệp sản xuất lẫn bán lẻ để chia sẻ giải pháp giảm chi phí bán hàng nhằm hạn chế tác động thấp nhất của giá xăng dầu lên giá sản phẩm.\r\nCùng lĩnh vực lương thực thực phẩm, ông Phan Văn Dũng, Phó Tổng Giám đốc Công ty CP Việt Nam Kỹ nghệ Súc sản (Vissan) chia sẻ, từ cuối quý IV/2021, Vissan đã dự báo thời gian quý I/2022 sẽ có biến động giá nguyên liệu là tăng 10-30% tùy mặt hàng.\r\n“Nhưng lúc ấy, chúng tôi chưa tính toán đến chuyện giá xăng tăng mạnh và liên tục như hiện nay. Với tình hình này doanh nghiệp chỉ có thể gồng mình chịu đựng chứ chưa thể tăng giá bán vì sức mua hiện quá thấp”, ông Dũng trần tình.\r\nTrong khi đó, lĩnh vực kinh doanh vận tải đang bị tác động trực tiếp vào hoạt động từ việc tăng giá xăng dầu. Ông Tạ Long Hỷ, Chủ tịch Hiệp hội Taxi Tp.HCM đánh giá, áp lực từ giá xăng tăng đã khiến các doanh nghiệp taxi khó có thể “gồng mình tiếp tục chống đỡ” nữa.\r\n“Các công ty trong ngành vận tải đang cầm cự, đứng trước nguy cơ buộc phải tăng giá cước nếu Chính phủ không sớm có chính sách điều chỉnh các loại thuế, phí để kìm hãm giá nhiên liệu trong thời gian sớm nhất”, ông Hỷ khẳng định.\r\nMột chủ vựa kinh doanh thuỷ sản cũng cho biế, nhu cầu tiêu thụ giảm khoảng 30-40% trong khi giá hàng hóa nhập về tăng từ 15-20 nghìn đồng/kg. Trong đó, nguyên nhân là do giá xăng dầu và nhiều chi phí vận chuyển tăng cao.\r\nNhiều doanh nghiệp bán lẻ hiện cũng rơi vào thế khó trong chuyện tăng giá bán với kênh siêu thị vì cần thực hiện thủ tục trước hàng tháng. Đại diện một hệ thống siêu thị tại Tp.HCM nhận xét: “Nếu giá đầu vào tăng liên tục, buộc doanh nghiệp phải điều chỉnh tăng giá bán sản phẩm. Khi đó khả năng cạnh tranh của sản phẩm ở cả thị trường trong nước và xuất khẩu sẽ gặp nhiều bất lợi hơn, rủi ro của doanh nghiệp vì thế cũng tăng. Đây là điều các doanh nghiệp không mong muốn trong bối cảnh hiện nay”.\r\nTại phiên họp triển khai nhiệm vụ kinh tế - văn hóa - xã hội, quốc phòng - an ninh tháng 3/2022 vào ngày 4/3, đại diện Cục Thống kê Tp.HCM chỉ ra, giá xăng dầu tăng không chỉ tác động đến chỉ số giá tiêu dùng mà còn ảnh hưởng sâu rộng đến hoạt động sản xuất kinh doanh của doanh nghiệp.\r\nTheo tính toán của Cục Thống kê Tp.HCM, khi chỉ số giá bình quân xăng dầu tăng 1% sẽ làm chỉ số giá tiêu dùng tăng khoảng 0,034%.\r\nTháng 1/2022, giá xăng tăng 2,66% so với tháng 12/2021 đã làm chỉ số tiêu dùng của Tp.HCM tăng 0,09%. Đến tháng 2, giá xăng tăng 5,77% so với tháng trước đã khiến chỉ số giá tiêu dùng tăng 0,2%.\r\nTrao đổi với Người Đưa Tin, lãnh đạo Sở Công Thương Tp.HCM cho biết, Tp.HCM là một trong những trung tâm tiêu thụ lớn về xăng dầu của cả nước với cơ sở vật chất để đảm bảo lượng dự trữ hàng hóa tương đối lớn.\r\nÔng Bùi Tá Hoàng Vũ, Giám đốc Sở Công Thương nhận định: “Tp.HCM chịu sự tác động khó khăn từ tình hình chung cả nước và thế giới. Từ đầu năm đến tháng 3/2022, giá xăng dầu tăng khoảng 13%. Việc tăng giá xăng dầu ảnh hưởng đến tất mọi người trong xã hội, kể cả chi tiêu hộ gia đình lẫn sản xuất, kinh doanh”.\r\nCụ thể, tại Tp.HCM, chi phí xăng dầu chiếm 1,5% chi tiêu hộ gia đình và 9,43% tổng mức bán lẻ. Khi giá xăng tăng 10% sẽ làm CPI tăng khoảng 0,36%. Trong khi đó, xăng dầu chiếm khoảng 65 – 70% chi phí vận tải nên giá xăng tăng 10% sẽ khiến GDP giảm khoảng 0,7%.\r\nTừ đầu năm đến nay, giá xăng tăng bình quân 13%, vậy tạm tính CPI sẽ tăng 0,47% và GRDP sẽ giảm 0,91% nếu không có giải pháp kiềm chế lạm phát, ổn định kinh tế vĩ mô.\r\nCông tác giám sát của Sở Công Thương Tp.HCM ghi nhận giá cả tại các siêu thị, chợ đã tăng 3 – 8 % tùy mặt hàng trong bối cảnh giá xăng dầu có biến động từ đầu năm 2022.\r\n“Chỉ số CPI trong tháng 1/2022 của Tp.HCM có tăng nhưng chúng ta kiểm soát được do doanh nghiệp đã có kinh nghiệm thích ứng, xử lý trước tình hình biến động. Nhưng đến hiện nay thì khó khăn hơn. Các doanh nghiệp đang tìm cách giảm chi phí, giữ giá thành, kiềm hãm tăng giá vì doanh nghiệp hiểu rõ rằng thu nhập của người tiêu dùng vẫn chưa cải thiện sau thời gian cao điểm dịch Covid-19 năm 2021”, ông Vũ nhận định.\r\n\r\n\r\n', '2022-03-14 14:29:57', '2022-03-14 14:29:57'),
('014', 'Kiểm điểm 2 nữ sinh ở Huế xông vào đánh nhau để phân định thắng thua', 'Hẹn nhau để làm hoà nhưng bị bạn đi cùng xúi giục, hai nữ sinh ở Huế đã xông vào đánh nhau xem ai thắng, ai thua.', '', 'Ngày 14/3, thông tin từ Ban Giám hiệu trường THCS Nguyễn Chí Diễu, Tp.Huế, nhà trường vừa mời 2 học sinh nữ gồm: P.T.G.T lớp 7/5 và L.C.B.Q lớp 9/5 lên làm việc để làm rõ hành vi đánh nhau trước đó. \r\nTheo đó, vào lúc 15h30 ngày 13/3, do xích mích, nói xấu nhau trên mạng xã hội, hai nữ sinh này đã hẹn nhau tại khu quy hoạch Bàu Vá- phường Đúc (Tp.Huế) để làm hoà.\r\nTuy nhiên, tại đây, các bạn đi cùng đã xúi giục hai nữ sinh này thử đánh nhau xem ai thắng, ai thua… Sau đó, cả hai đã xông vào đánh nhau khiến nhiều người chứng kiến tỏ ra bất bình phản ánh đến nhà trường.\r\n\r\nNắm bắt được sự việc, Ban Giám hiệu trường THCS Nguyễn Chí Diễu đã mời 2 học sinh này lên làm việc. Đồng thời, yêu cầu cả 2 viết bản kiểm điểm, xác định việc làm sai trái, nhận khuyết điểm và hứa không tái phạm.\r\n\"Ngoài ra, nhà trường còn mời phụ huynh 2 nữ học sinh lên làm việc để phối hợp giáo dục, cam kết quản lý con tốt hơn trong thời gian ở nhà và ngày Chủ nhật. Đồng thời, phụ huynh của 2 em cần phối hợp với nhau trong nắm thông tin và quản lý giáo dục con cái \", lãnh đạo trường THCS Nguyễn Chí Diễu cho biết.\r\n', '2022-03-14 14:32:12', '2022-03-14 14:32:12');
INSERT INTO `news` (`id`, `title`, `description`, `image`, `content`, `create_at`, `update_at`) VALUES
('015', 'Nữ sinh “nổi loạn” đánh nhau, phát tán clip lên mạng: Vẫn tái diễn tràn lan vì xử lý như “bắt cóc bỏ đĩa”?', 'Bốn nữ sinh lớp 10 Trung tâm giáo dục thường xuyên TP. Bến Tre, tỉnh Bến Tre bị đình chỉ học tập vì đánh nhau. Liệu hình thức xử lý này đã giải quyết được gốc của vấn đề hay chưa?', '/images/nu-sinh-danh-nhau1.jpg', 'Gần đây, clip một nữ sinh ngồi thụp giữa nền gạch trong phòng học bị nhóm bạn nữ đấm đá túi bụi gây bất bình. Nguy hiểm hơn, một nữ sinh cầm ghế nhựa phang nhiều cái vào đầu của nữ sinh N., sau đó nhiều bạn xúm lại xé rách áo dài trắng của bạn, vụ việc xảy ra gây xôn xao dư luận.\r\nNgay sau khi clip được phát tán trên mạng xã hội, cơ quan công an xác minh nữ sinh trong clip thuộc Trung tâm giáo dục nghề nghiệp thường xuyên TP. Bến Tre. Được biết, ông Lê Thanh Quang - Giám đốc Trung tâm giáo dục thường xuyên TP. Bến Tre, tỉnh Bến Tre đã có quyết định đình chỉ học tập đối với 4 nữ sinh liên quan đến clip đánh nhau. \r\nĐiều đáng nói, đây không phải là lần đầu tiên xảy ra vụ việc nữ sinh đánh nhau, quay lại clip phát tán lên mạng xã hội. Trước đó, đã có hàng loạt vụ hành hung bạn học khiến dư luận dậy sóng. Ngày 24/9, 2 nữ sinh lớp 10 trường THPT Huỳnh Thúc Kháng (quận Thanh Xuân, Hà Nội) đánh hội đồng một nữ sinh khác ngay trước cổng trường.\r\n\r\nNguyên nhân do xích mích cá nhân trong lời nói sau khi tan trường mà ban đầu đơn giản chỉ là một trong hai cho rằng người kia “nhìn đểu” mình.\r\n\r\nNgày 26/9, một đoạn clip khác lại gây xôn xao dư luận khi 3 nữ sinh trường THCS Thạnh Bình, H.Tân Biên, Tây Ninh dùng nón bảo hiểm thay phiên nhau đánh vào đầu, mặt của một nữ sinh. Nữ sinh này bị đánh nhiều lần và té ngã. Thậm chí, nhiều lần nữ sinh này van xin nhưng vẫn tiếp tục bị đánh trong khi một nữ sinh khác quay lại diễn biến vụ việc. \r\n\r\nSau những vụ việc đau lòng trên, rất nhiều người đã phải đặt ra câu hỏi: “Phải chăng hình thức xử lý những “nữ quái” học đường đủ sức nghiêm trị nên nó vẫn tái diễn tràn lan? Có ý kiến cho rằng, có thể việc xử lý chẳng khác nào “bắt cóc bỏ đĩa”, nên mới chỉ giải quyết phần ngọn. \r\n\r\nTheo luật sư Diệp Năng Bình, Trưởng Văn phòng Luật sư Tinh Thông Luật, độ tuổi của các em đang trong quá trình phát triển cả về sinh lí, tâm lí và ý thức. Đây là giai đoạn diễn ra những biến cố rất đặc biệt, đó là sự phát triển cơ thể đặc biệt nên đã dẫn đến tình trạng mất cân bằng tạm thời trong cảm xúc của người chưa thành niên.\r\nTrên thực tế, trạng thái thần kinh, trạng thái cảm xúc không cân bằng có thể là yếu tố gây nên các hành vi lệch chuẩn. Có không ít trường hợp, do xuất phát từ những mâu thuẫn nhỏ, nhưng không kiềm chế được sự nóng giận quá khích mà người chưa thành niên đã phạm phải hành động sai lầm, thậm chí là thực hiện hành vi phạm tội. \r\n“Ở lứa tuổi học sinh là giai đoạn phát triển nhanh về mặt sinh học nhưng lại thiếu cân đối về mặt trí tuệ. Kinh nghiệm trong cuộc sống còn quá ít ỏi, đặc biệt là khả năng nhận thức về pháp luật còn nhiều hạn chế. Một phần không nhỏ, hành vi của các em chỉ để thỏa mãn nhu cầu, hứng thú không đúng đắn của cá nhân, không quan tâm đến hậu quả nguy hiểm cho xã hội.\r\n\r\nChỉ khi được giải thích, phân tích các em mới hiểu rằng hành vi của mình là phạm tội. Chính vì thế, Điều 5 Luật xử lý vi phạm hành chính 2012 quy định, người từ đủ 14 tuổi đến dưới 16 tuổi bị xử phạt vi phạm hành chính về vi phạm hành chính do cố ý; người từ đủ 16 tuổi  đến dưới 18 tuổi bị xử phạt vi phạm hành chính về mọi vi phạm hành chính.\r\n\r\nHay như Bộ luật hình sự cũng quy định về tuổi chịu trách nhiệm hình sự. Theo đó, người từ đủ 16 tuổi trở lên phải chịu trách nhiệm hình sự về mọi tội phạm, trừ những tội phạm mà Bộ luật này có quy định khác. Người từ đủ 14 tuổi đến dưới 16 tuổi phải chịu trách nhiệm hình sự về tội phạm rất nghiêm trọng, tội phạm đặc biệt nghiêm trọng quy định tại một trong các điều của Bộ luật này”, luật sư Bình cho hay.\r\n\r\nCũng theo luật sư Bình, ở trường hợp vụ nữ sinh đánh nhau ở Bến Tre, 4 nữ sinh này sẽ bị phạt tiền từ 500.000 đồng đến 1.000.000 đồng theo khoản 2 Điều 5 Nghị định 167/2013/NĐ-CP vì hành vi đánh nhau hoặc xúi giục người khác đánh nhau.\r\n\r\nNgoài ra, việc các em đánh nhau, gây rối trật tự, an ninh trong nhà trường thuộc các trường hợp học sinh không được làm theo quy định tại Điều 41 Thông tư 12/2011/TT-BGDĐT và sẽ bị xử lý theo một trong các hình thức sau: Phê bình trước lớp, trước trường; Khiển trách và thông báo với gia đình; Cảnh cáo ghi học bạ; Buộc thôi học có thời hạn.\r\nBên cạnh đó, căn cứ vào Điều 12 Bộ luật Hình sự 2015 (sửa đổi, bổ sung năm 2017) quy định về tuổi chịu trách nhiệm hình sự thì tùy vào tính chất, mức độ tổn thương của em N. mà 4 nữ sinh này có thể phải chịu trách nhiệm hình sự về tội Cố ý gây thương tích tại Điều 134. Để có kết luận cuối cùng, cần phải chờ kết quả điều tra và làm rõ của cơ quan có chức năng.\r\n“Ngoài việc kỷ luật ngăn chặn không để các hiện tượng sai trái phát triển, cần giáo dục các học sinh phạm sai lầm, giúp các học sinh này phấn đấu trở thành học sinh tốt. Thúc đẩy học sinh tự giác thực hiện quy định về quyền hạn, nhiệm vụ của mình nhằm nâng cao ý thức góp phần xây dựng mọi nề nếp, kỷ cương trong nhà trường. Do vậy, ở lứa tuổi này rất cần sự quan tâm giáo dục từ nhà trường và gia đình. Khi để xảy ra việc đánh nhau trong trường học thì không thể không nói đến trách nhiệm của nhà trường và gia đình”, luật sư Bình chia sẻ thêm.\r\n\r\nThiết nghĩ, khi để xảy ra các vụ việc như trên, không thể không nói đến trách nhiệm của nhà trường và gia đình. Tuy nhiên, cách xử lý đình chỉ 4 nữ sinh đánh bạn liệu đã hợp lý hay chưa hay chỉ là phản ứng của nhà trường mang tính giải pháp tình huống? Muốn giải quyết được gốc rễ vấn đề, phải hiểu được nguyên nhân nảy sinh vấn đề đó.\r\n\r\nKhi các em đang hư hoặc làm sai mà lại đình chỉ hoặc đuổi học thì chỉ là hành động gây phản tác dụng, vừa không có tính giáo huấn, lấy mất nền tảng giáo dục, có thể đưa các em đi sai hướng, do tạo cảm giác tự ti.\r\nKhi ấy, các em sẽ mặc định là mình hư, mình sai, bị đuổi học rồi nên dễ tạo tâm lý buông xuôi. Tạo một tâm lý tiêu cực, bất cần sẽ khiến các em khó quay đầu, gây ra hệ quả xấu cho bản thân học sinh đó và xã hội.\r\nCó lẽ, đã đến lúc nhà trường cần phải tìm hình thức xử phạt đi vào gốc rễ của vấn đề, hiểu được nguyên nhân nảy sinh vấn đề, từ đó ngăn chặn và phòng ngừa chứ không phải chỉ giải quyết khi sự việc đã xảy ra. \r\n\r\n', '2022-03-14 14:34:50', '2022-03-14 14:34:50'),
('016', 'Nhật nhận tàu ngầm tấn công \'Đại kình\' gần 700 triệu USD', 'Bộ Quốc phòng Nhật Bản nhận tàu ngầm tấn công trị giá 692 triệu USD, là chiếc đầu tiên trong hạm đội tàu ngầm lớp Taigei (Đại kình).', '/images/Japan-sub-1-9395-1647250661.jpg', 'Bộ Quốc phòng Nhật Bản nhận tàu ngầm tấn công trị giá 692 triệu USD, là chiếc đầu tiên trong hạm đội tàu ngầm lớp Taigei (Đại kình).\r\nLễ tiếp nhận tàu ngầm JS Taigei diễn ra tại nhà máy đóng tàu Kobe của tập đoàn Mitsubishi Heavy Industrie, miền trung Nhật Bản cuối tuần trước, truyền thông Nhật Bản hôm nay đưa tin.\r\n\r\nChiến hạm Taigei trị giá 692 triệu USD, được đánh giá là tàu ngầm không sử dụng năng lượng hạt nhân tiên tiến nhất của Lực lượng Phòng vệ Trên biển Nhật Bản (JMSDF).\r\n\r\nTàu ngầm JS Taigei có biệt danh \"Đại kình\", thuộc lớp tàu cùng tên, được trang bị hệ thống thủy âm cải tiến cho phép phát hiện chiến hạm đối phương tốt hơn, đồng thời tạo ra tiếng động nhỏ hơn trong quá trình hoạt động, giúp tàu khó bị phát hiện.\r\nCon tàu sử dụng công nghệ pin lithium-ion, cho phép nạp điện nhanh hơn với dung lượng gần gấp đôi so với pin axit chì thông thường, đồng thời có thể tích nhỏ và ít cần bảo trì hơn. Nhờ công nghệ này, chiến hạm Taigei có thể lặn lâu hơn và di chuyển nhanh hơn trong lòng biển so với với các loại tàu ngầm diesel-điện khác.\r\nJMSDF nghiên cứu công nghệ pin lithium-ion cho tàu ngầm vào thập niên 2000, sau đó áp dụng trên tàu ngầm lớp Soryu. Nhật Bản hiện là quốc gia duy nhất áp dụng công nghệ pin lithium-ion cho tàu ngầm diesel - điện. Hàn Quốc dự kiến sớm áp dụng công nghệ này.\r\n\r\nTàu ngầm Taigei dài 84 m, lượng giãn nước 3.000 tấn, thủy thủ đoàn 70 người và có không gian riêng dành cho nữ thủy thủ. Chiến hạm được trang bị 6 ống phóng 533 mm tương thích với ngư lôi Type 89, Type 18 hoặc tên lửa diệt hạm UGM-84 Harpoon.\r\n\r\nBộ Quốc phòng Nhật Bản hồi tháng 12/2021 nhận ngân sách 73,6 tỷ yen (625 triệu USD) để chế tạo chiến hạm thứ 6 thuộc lớp Taigei, dự kiến bắt đầu từ tháng 4. Chiến hạm thứ hai thuộc lớp Taigei là Hakugei (Cá voi trắng), được khởi đóng tháng 1/2019, hạ thủy tháng 10/2021 và dự kiến được biên chế tháng 3/2023.\r\n\r\n', '2022-03-14 14:37:04', '2022-03-14 14:37:04'),
('017', 'Quan chức Nga: Chiến dịch ở Ukraine chậm hơn dự kiến', 'Giám đốc Vệ binh Quốc gia Nga nói chiến dịch ở Ukraine chậm hơn kế hoạch do \"lực lượng cựu hữu\" của Kiev dùng dân thường làm lá chắn.', '/images/ukraine-45-JPG-3124-1647257199.jpg', 'Giám đốc Vệ binh Quốc gia Nga nói chiến dịch ở Ukraine chậm hơn kế hoạch do \"lực lượng cựu hữu\" của Kiev dùng dân thường làm lá chắn.\r\n\r\n\"Tôi muốn nói rằng mọi thứ không diễn ra nhanh như mong muốn, nhưng chúng ta đang từng bước hướng tới mục tiêu và sẽ giành chiến thắng\", giám đốc Vệ binh Quốc gia Nga Viktor Zolotov nói về chiến dịch quân sự ở Ukraine tại buổi lễ do Giáo trưởng Kirill, người đứng đầu Giáo hội Chính thống giáo Nga, chủ trì hôm qua.\r\nBình luận này dường như khác biệt với đánh giá của quân đội Nga cuối tuần trước, khi Bộ trưởng Quốc phòng Sergei Shoigu báo cáo với Tổng thống Vladimir Putin rằng \"mọi thứ vẫn diễn ra theo kế hoạch\".\r\nGiám đốc Zolotov cho rằng tình hình chậm hơn dự kiến do các \"lực lượng cực hữu\" Ukraine đang biến dân thường thành lá chắn sống.\r\nTổng thống Nga Vladimir Putin hôm 12/3 nói rằng lực lượng an ninh Ukraine \"vi phạm trắng trợn\" các điều luật nhân đạo khi điện đàm với Tổng thống Pháp Emmanuel Macron và Thủ tướng Đức Olaf Scholz.\r\n\r\nTổng thống Nga cáo buộc quân đội Ukraine \"hành quyết người bất đồng chính kiến mà không cần xét xử\" và \"lợi dụng dân thường làm lá chắn sống\", đồng thời cho rằng Kiev đang triển khai vũ khí hạng nặng gần các bệnh viện, trường học và nhà trẻ.\r\n\r\nKể từ khi phát động chiến dịch quân sự từ ngày 24/2 tới nay, Nga chưa thể kiểm soát hoàn toàn bầu trời Ukraine, dù sở hữu một trong những lực lượng không quân tốt nhất thế giới. Bộ binh Nga cũng chưa thể khép vòng vây với thủ đô Ukraine, khi đoàn xe quân sự dài 64 km đối mặt với nhiều vấn đề hậu cần và đang phải phân tán thành các đội hình nhỏ ở ngoại ô Kiev.\r\nNgày càng có nhiều bằng chứng trên thực địa cho thấy chiến dịch quân sự đang diễn ra không đúng như kế hoạch ban đầu của Điện Kremlin, điều làm các chuyên gia phân sự phương Tây cũng ngạc nhiên. Giới quan sát nói điều này không đồng nghĩa chiến dịch của Nga sẽ thất bại, nhưng tốc độ tiến quân chậm chạp ở Ukraine khiến nhiều người phải suy nghĩ lại về tương lai cuộc xung đột.\r\nChiến dịch quân sự của Nga ở Ukraine đã bước sang ngày thứ 19. Lực lượng Nga cùng dân quân ly khai hiện kiểm soát thành phố Kherson và một số thành phố nhỏ ở miền nam, đông nam Ukraine, bao vây Mariupol, Kharkov và đang nỗ lực tăng áp lực với các mục tiêu lớn hơn.\r\n\r\nBộ Quốc phòng Anh hôm 12/3 cho biết lực lượng bộ binh Nga đang cách trung tâm Kiev khoảng 25 km, có thể bao vây thủ đô của Ukraine trong vài ngày tới.\r\n\r\nNga vài ngày qua đã mở rộng quy mô không kích sang phía tây Ukraine, sau hơn hai tuần chỉ tập trung công kích các mục tiêu ở miền bắc, miền nam và miền đông. Nhiều nước phương Tây cấp tập chuyển vũ khí hiện đại, với hàng nghìn tên lửa chống tăng và phòng không, cho Ukraine, chủ yếu qua cửa ngõ ở phía tây nước này.\r\n', '2022-03-14 14:38:59', '2022-03-14 14:38:59'),
('018', 'Philippines tố tàu do thám Trung Quốc xâm phạm chủ quyền', 'Philippines cáo buộc một tàu hải quân Trung Quốc tiến vào vùng biển giữa các đảo lớn nhất nước này và không hồi đáp liên lạc khi bị xua đuổi.', '/images/type-815-1-JPG-8251-1647262179.jpg', 'Philippines cáo buộc một tàu hải quân Trung Quốc tiến vào vùng biển giữa các đảo lớn nhất nước này và không hồi đáp liên lạc khi bị xua đuổi.\r\n\r\nBộ Ngoại giao Philippines hôm nay triệu đại sứ Trung Quốc tại nước này để yêu cầu giải thích về hành động \"xâm phạm trái phép và hiện diện kéo dài\" của một tàu hải quân Trung Quốc tại vùng biển Sulu nằm giữa các đảo chính Palawan, Luzon và Mindoro.\r\n\r\nTheo đó, tàu do thám Trung Quốc tiến vào vùng biển Sulu mà không được phép, hoạt động tại đó từ ngày 29/1-1/2 và không hồi đáp yêu cầu rời khỏi khu vực do giới chức Philippines đưa ra. Nó được phát hiện ngoài khơi quần đảo Cuyo gần Palawan và đảo Apo ngoài khơi Mindoro.\r\n\"Sự hiện diện của tàu Trung Quốc không phản ánh hoạt động đi lại vô hại mà xâm phạm chủ quyền của Philippines\", Bộ Ngoại giao Philippines cho biết trong thông cáo, nhưng không tiết lộ lý do tại sao họ chỉ công bố sự việc sau 6 tuần.\r\n\r\nBộ Ngoại giao Trung Quốc chưa bình luận về thông tin. Lần gần đây nhất Philippines triệu đại sứ Trung Quốc diễn ra hồi tháng 4 năm ngoái.\r\n\r\nTrung Quốc đơn phương vẽ ra \"đường chín đoạn\", nêu yêu sách chủ quyền phi lý với phần lớn diện tích Biển Đông, bất chấp luật pháp quốc tế và phản ứng quyết liệt của dư luận các nước. Căng thẳng giữa Bắc Kinh và các nước láng giềng có tranh chấp chủ quyền trên biển leo thang từ năm ngoái, trong khi nhiều quốc gia phương Tây cũng tăng cường hiện diện quân sự trong khu vực.\r\nTuy nhiên, triển khai tàu hải quân đến những vùng biển mà Trung Quốc không có tuyên bố chủ quyền là động thái hiếm gặp.\r\nNgoại trưởng Trung Quốc Vương Nghị hồi đầu năm nói nước này sẽ không dùng sức mạnh chèn ép các láng giềng, nhấn mạnh giải quyết bất đồng ở Biển Đông một cách hòa bình. Ông bày tỏ mong muốn Trung Quốc và Philippines có thể \"giải quyết hợp lý các vấn đề dựa trên tinh thần thiện chí và thực tế\".\r\n', '2022-03-14 14:40:37', '2022-03-14 14:40:37'),
('019', 'Tàu Trung Quốc tăng áp sát Philippines', 'Hải cảnh, dân quân biển Trung Quốc tăng số lần áp sát Philippines 5 năm sau khi tòa quốc tế ra phán quyết bác bỏ yêu sách \"đường 9 đoạn\".', '/images/556318717676a-tau-Trung-Quoc-9614-1625885674.jpg', 'Hải cảnh, dân quân biển Trung Quốc tăng số lần áp sát Philippines 5 năm sau khi tòa quốc tế ra phán quyết bác bỏ yêu sách \"đường 9 đoạn\".\r\n\r\nRandy Megu, một ngư dân Philippines, thường xuyên hứng chịu những cơn bão đáng sợ ở Biển Đông. Nhưng giờ đây, anh đối mặt ngày càng nhiều với nỗi sợ hãi lớn hơn khi đánh bắt ở vùng biển gần Philippines, đó là các tàu hải cảnh Trung Quốc.\r\n5 năm sau phán quyết mang tính bước ngoặt của Tòa Trọng tài Thường trực (PCA), bác bỏ yêu sách chủ quyền của Trung Quốc với phần lớn diện tích Biển Đông, Megu nói các vụ chạm mặt với tàu chấp pháp Trung Quốc diễn ra thường xuyên hơn.\r\n\"Tôi rất sợ hãi\", Megu kể lại cảm giác khi thấy một tàu hải cảnh Trung Quốc bám theo con tàu gỗ của ông trong ba tiếng ở vị trí cách bờ biển khoảng 260 km hồi tháng 5.\r\nMegu cho biết nhiều ngư dân khác bị đâm hoặc bị phun vòi rồng khi đánh cá tại vùng biển họ coi là ngư trường lịch sử, điều mà họ hy vọng sẽ được đảm bảo sau phán quyết của PCA ở La Haye năm 2016.\r\nBộ Ngoại giao Trung Quốc ngày 9/7 nhắc lại nước này không chấp nhận phán quyết của PCA lẫn bất cứ tuyên bố hay hành động nào dựa trên phán quyết này. Trung Quốc đơn phương vẽ ra cái gọi là \"đường 9 đoạn\" và nêu yêu sách chủ quyền phi lý với phần lớn diện tích Biển Đông, điều bị bác bỏ trong phán quyết của PCA.\r\nTrung Quốc tuyên bố các tàu cá của nước này hoạt động trong vùng biển gần Philippines là \"phù hợp với luật pháp Trung Quốc và quốc tế\". Bộ Ngoại giao Trung Quốc cho biết các tàu cá này không phải tuân theo lệnh cấm đánh bắt cá vào mùa hè hàng năm, kéo dài đến ngày 16/8.\r\n\"Dữ liệu thể hiện rất rõ ràng rằng các tàu hải cảnh và dân quân biển Trung Quốc hiện diện ở khu vực Philippines coi là vùng đặc quyền kinh tế (EEZ) nhiều hơn so với cách đây 5 năm\", Greg Poling, chuyên gia của Trung tâm Nghiên cứu Chiến lược và Quốc tế (CSIS), cho biết.\r\nMột cuộc thăm dò dư luận hồi tháng 7/2020 cho thấy 70% người Philippines được hỏi muốn chính phủ của họ tuyên bố quyền của mình ở Biển Đông sau phán quyết của PCA.\r\nPhilippines 128 lần gửi công hàm phản đối các hoạt động của Trung Quốc trong vùng biển tranh chấp từ năm 2016. Cảnh sát biển và cục thủy hải sản Philippines tổ chức các chuyến tuần tra \"đảm bảo chủ quyền\" trong khu vực nước này coi là EEZ của mình.\r\nTuy nhiên, Philippines không có thêm nhiều động thái để thúc đẩy yêu sách của quyền của mình tại Biển Đông dưới thời Tổng thống Rodrigo Duterte, người coi quan hệ với Trung Quốc là một phần quan trọng trong chính sách đối ngoại của mình.\r\nDuterte nói rằng việc cố gắng thách thức Trung Quốc, nước láng giềng lớn hơn Philippines nhiều lần, là \"điều vô ích\". Sau khi một số quan chức Philippines tăng cường đề cập đến tuyên bố chủ quyền với các khu vực tại Biển Đông, Tổng thống Duterte cấm họ phát ngôn về việc này.\r\n\"Trung Quốc đang kiểm soát nhiều vùng biển hơn. Điều duy nhất mà chính phủ Tổng thống Duterte có thể hướng đến là không để xảy ra sự cố lớn\", chuyên gia Poling nói. \"Chỉ cần tiếp tục đầu hàng kẻ bắt nạt, đương nhiên xung đột sẽ không xảy ra\".\r\nCảnh sát biển và Bộ Quốc phòng Philippines không bình luận về thông tin này.', '2022-03-14 14:42:52', '2022-03-14 14:42:52'),
('020', 'Nga để ngỏ khả năng \'kiểm soát toàn diện\' các thành phố lớn Ukraine', 'Điện Kremlin nói quân đội Nga có thể kiểm soát toàn diện những thành phố chủ chốt tại Ukraine, đồng thời bác tin tìm kiếm trợ giúp từ Trung Quốc.', '/images/ukraine-42-8460-1647173228-4312-1647265210.jpg', 'Điện Kremlin nói quân đội Nga có thể kiểm soát toàn diện những thành phố chủ chốt tại Ukraine, đồng thời bác tin tìm kiếm trợ giúp từ Trung Quốc.\r\n\r\n\"Bộ Quốc phòng Nga vẫn bảo đảm an toàn tối đa cho cộng đồng dân cư, nhưng không loại trừ khả năng kiểm soát toàn diện các thành phố lớn của Ukraine, vốn đang bị bao vây và chỉ trừ những khu vực dành cho sơ tán nhân đạo\", phát ngôn viên Điện Kremlin Dmitry Peskov cho biết hôm nay.\r\nPhát ngôn viên Peskov nói rằng những thông tin do phương Tây công bố, trong đó nhận định Tổng thống Vladimir Putin tỏ ra thất vọng với tiến độ chiến dịch quân sự tại Ukraine, là hành động khiêu khích nhằm thúc đẩy Nga đột kích những đô thị lớn\r\n\"Mỹ đã thể hiện sự coi thường tính mạng con người trong chiến dịch ném bom Nam Tư năm 1999, cũng như các cuộc chiến tại Trung Đông và Afghanistan. Chúng tôi không cần lời khuyên từ những chiến lược gia như vậy. Mọi kế hoạch của lãnh đạo Nga sẽ được hoàn thành đầy đủ và đúng thời điểm\", ông nói.\r\nQuan chức Điện Kremlin nhấn mạnh Tổng thống Putin đã yêu cầu quân đội Nga tránh tiến công ồ ạt những thành phố chủ chốt của Ukraine như thủ đô Kiev từ trước chiến dịch quân sự, do lo ngại các đơn vị quân đội Ukraine sẽ sử dụng dân thường làm lá chắn sống.\r\n\"Không. Nga có đủ tiềm lực độc lập để tiếp tục chiến dịch\", Peskov nói khi được đề nghị bình luận việc truyền thông Mỹ dẫn lời quan chức nước này nói rằng Nga đã yêu cầu Trung Quốc cung cấp thiết bị quân sự.\r\nChiến dịch quân sự của Nga ở Ukraine đã bước sang ngày thứ 19. Lực lượng Nga cùng dân quân ly khai hiện kiểm soát thành phố Kherson và một số thành phố nhỏ ở miền nam, đông nam Ukraine, bao vây Mariupol, Kharkov và đang nỗ lực tăng áp lực với các mục tiêu lớn hơn.\r\nBộ Quốc phòng Anh hôm 12/3 cho biết lực lượng bộ binh Nga đang cách trung tâm Kiev khoảng 25 km, có thể bao vây thủ đô của Ukraine trong vài ngày tới.\r\nNga vài ngày qua đã mở rộng quy mô không kích sang phía tây Ukraine, sau hơn hai tuần chỉ tập trung công kích các mục tiêu ở miền bắc, miền nam và miền đông. Nhiều nước phương Tây cấp tập chuyển vũ khí hiện đại, với hàng nghìn tên lửa chống tăng và phòng không, cho Ukraine, chủ yếu qua cửa ngõ ở phía tây nước này.\r\n', '2022-03-14 14:44:59', '2022-03-14 14:44:59');

-- --------------------------------------------------------

--
-- Cấu trúc bảng cho bảng `reward`
--

CREATE TABLE `reward` (
  `id` int(11) NOT NULL,
  `sourceId` varchar(200) NOT NULL,
  `targetId` varchar(200) NOT NULL,
  `create_at` timestamp NOT NULL DEFAULT current_timestamp(),
  `update_at` timestamp NOT NULL DEFAULT current_timestamp() ON UPDATE current_timestamp()
) ENGINE=InnoDB DEFAULT CHARSET=utf8mb4;

--
-- Đang đổ dữ liệu cho bảng `reward`
--

INSERT INTO `reward` (`id`, `sourceId`, `targetId`, `create_at`, `update_at`) VALUES
(3, '8b7ff980-a2d0-11ec-9221-9510778305ce', '80d0d630-a2d0-11ec-9221-9510778305ce', '2022-03-13 13:21:52', '2022-03-13 13:21:52'),
(4, 'a26b96e0-a2d0-11ec-9221-9510778305ce', '80d0d630-a2d0-11ec-9221-9510778305ce', '2022-03-13 13:22:30', '2022-03-13 13:22:30');

-- --------------------------------------------------------

--
-- Cấu trúc bảng cho bảng `user`
--

CREATE TABLE `user` (
  `id` varchar(200) NOT NULL,
  `name` varchar(100) NOT NULL,
  `username` varchar(100) NOT NULL,
  `password` varchar(300) NOT NULL,
  `code` varchar(15) NOT NULL,
  `introduced` tinyint(1) NOT NULL,
  `spurlus` int(10) NOT NULL,
  `create_at` timestamp NOT NULL DEFAULT current_timestamp(),
  `update_at` timestamp NOT NULL DEFAULT current_timestamp() ON UPDATE current_timestamp()
) ENGINE=InnoDB DEFAULT CHARSET=utf8mb4;

--
-- Đang đổ dữ liệu cho bảng `user`
--

INSERT INTO `user` (`id`, `name`, `username`, `password`, `code`, `introduced`, `spurlus`, `create_at`, `update_at`) VALUES
('22805040-a36d-11ec-9829-6be029e6cc83', 'Thành', 'Thanh', '$2a$12$ENroYU0ek0xg7TSXj5aYD.wTiIfl.3RI5MtrGhMt.dw/kmXRQuUty', '9O3B1', 0, 0, '2022-03-14 08:02:47', '2022-03-14 08:02:47'),
('80d0d630-a2d0-11ec-9221-9510778305ce', 'Chiến', 'chien', '$2a$12$GFLd8DhI/umEUf0tJwWpTu.EkpwB4emjU/DtpuytP8i71nNWLHXYi', 'FQ93B', 0, 100000, '2022-03-13 13:21:34', '2022-03-13 13:22:30'),
('8b7ff980-a2d0-11ec-9221-9510778305ce', 'Trung', 'trung', '$2a$12$MuOwioQEVi06p.AIp7Q77e0EFSShP7xLv0d2o2sT25TPdY2/Zx62W', 'GSOQ6', 1, 30000, '2022-03-13 13:21:52', '2022-03-13 13:21:52'),
('a26b96e0-a2d0-11ec-9221-9510778305ce', 'Tèo', 'teo', '$2a$12$dP1RKrttyhTd2Cmf5KiKdewqHhW05mlSqFr3bYWLUfbgySUIbTH0O', 'UU4JTL', 1, 30000, '2022-03-13 13:22:30', '2022-03-13 13:22:30');

--
-- Chỉ mục cho các bảng đã đổ
--

--
-- Chỉ mục cho bảng `mission`
--
ALTER TABLE `mission`
  ADD PRIMARY KEY (`id`),
  ADD KEY `idNews` (`idNews`);

--
-- Chỉ mục cho bảng `mission_complete`
--
ALTER TABLE `mission_complete`
  ADD PRIMARY KEY (`id`),
  ADD KEY `idMission` (`idMission`),
  ADD KEY `idUser` (`idUser`);

--
-- Chỉ mục cho bảng `news`
--
ALTER TABLE `news`
  ADD PRIMARY KEY (`id`);

--
-- Chỉ mục cho bảng `reward`
--
ALTER TABLE `reward`
  ADD PRIMARY KEY (`id`),
  ADD KEY `sourceId` (`sourceId`),
  ADD KEY `targetId` (`targetId`);

--
-- Chỉ mục cho bảng `user`
--
ALTER TABLE `user`
  ADD PRIMARY KEY (`id`);

--
-- AUTO_INCREMENT cho các bảng đã đổ
--

--
-- AUTO_INCREMENT cho bảng `mission`
--
ALTER TABLE `mission`
  MODIFY `id` int(11) NOT NULL AUTO_INCREMENT, AUTO_INCREMENT=21;

--
-- AUTO_INCREMENT cho bảng `mission_complete`
--
ALTER TABLE `mission_complete`
  MODIFY `id` int(11) NOT NULL AUTO_INCREMENT;

--
-- AUTO_INCREMENT cho bảng `reward`
--
ALTER TABLE `reward`
  MODIFY `id` int(11) NOT NULL AUTO_INCREMENT, AUTO_INCREMENT=5;

--
-- Các ràng buộc cho các bảng đã đổ
--

--
-- Các ràng buộc cho bảng `mission`
--
ALTER TABLE `mission`
  ADD CONSTRAINT `mission_ibfk_1` FOREIGN KEY (`idNews`) REFERENCES `news` (`id`);

--
-- Các ràng buộc cho bảng `mission_complete`
--
ALTER TABLE `mission_complete`
  ADD CONSTRAINT `mission_complete_ibfk_1` FOREIGN KEY (`idMission`) REFERENCES `mission` (`id`),
  ADD CONSTRAINT `mission_complete_ibfk_2` FOREIGN KEY (`idUser`) REFERENCES `user` (`id`);

--
-- Các ràng buộc cho bảng `reward`
--
ALTER TABLE `reward`
  ADD CONSTRAINT `reward_ibfk_1` FOREIGN KEY (`sourceId`) REFERENCES `user` (`id`),
  ADD CONSTRAINT `reward_ibfk_2` FOREIGN KEY (`targetId`) REFERENCES `user` (`id`);
COMMIT;

/*!40101 SET CHARACTER_SET_CLIENT=@OLD_CHARACTER_SET_CLIENT */;
/*!40101 SET CHARACTER_SET_RESULTS=@OLD_CHARACTER_SET_RESULTS */;
/*!40101 SET COLLATION_CONNECTION=@OLD_COLLATION_CONNECTION */;
